duration,protocol_type,src_bytes,dst_bytes,land,wrong_fragment,urgent,hot,num_failed_logins,logged_in,lnum_compromised,lroot_shell,lsu_attempted,lnum_root,lnum_file_creations,lnum_shells,lnum_access_files,lnum_outbound_cmds,is_host_login,is_guest_login,count,srv_count,serror_rate,srv_serror_rate,rerror_rate,srv_rerror_rate,same_srv_rate,diff_srv_rate,srv_diff_host_rate,dst_host_count,dst_host_srv_count,dst_host_same_srv_rate,dst_host_diff_srv_rate,dst_host_same_src_port_rate,dst_host_srv_diff_host_rate,dst_host_serror_rate,dst_host_srv_serror_rate,dst_host_rerror_rate,dst_host_srv_rerror_rate
0.0,1.0,181.0,5450.0,0.0,0.0,0.0,0.0,0.0,1.0,0.0,0.0,0.0,0.0,0.0,0.0,0.0,0.0,0.0,0.0,8.0,8.0,0.0,0.0,0.0,0.0,1.0,0.0,0.0,9.0,9.0,1.0,0.0,0.11,0.0,0.0,0.0,0.0,0.0
0.0,1.0,239.0,486.0,0.0,0.0,0.0,0.0,0.0,1.0,0.0,0.0,0.0,0.0,0.0,0.0,0.0,0.0,0.0,0.0,8.0,8.0,0.0,0.0,0.0,0.0,1.0,0.0,0.0,19.0,19.0,1.0,0.0,0.05,0.0,0.0,0.0,0.0,0.0
0.0,1.0,235.0,1337.0,0.0,0.0,0.0,0.0,0.0,1.0,0.0,0.0,0.0,0.0,0.0,0.0,0.0,0.0,0.0,0.0,8.0,8.0,0.0,0.0,0.0,0.0,1.0,0.0,0.0,29.0,29.0,1.0,0.0,0.03,0.0,0.0,0.0,0.0,0.0
0.0,1.0,219.0,1337.0,0.0,0.0,0.0,0.0,0.0,1.0,0.0,0.0,0.0,0.0,0.0,0.0,0.0,0.0,0.0,0.0,6.0,6.0,0.0,0.0,0.0,0.0,1.0,0.0,0.0,39.0,39.0,1.0,0.0,0.03,0.0,0.0,0.0,0.0,0.0
0.0,1.0,217.0,2032.0,0.0,0.0,0.0,0.0,0.0,1.0,0.0,0.0,0.0,0.0,0.0,0.0,0.0,0.0,0.0,0.0,6.0,6.0,0.0,0.0,0.0,0.0,1.0,0.0,0.0,49.0,49.0,1.0,0.0,0.02,0.0,0.0,0.0,0.0,0.0
0.0,1.0,217.0,2032.0,0.0,0.0,0.0,0.0,0.0,1.0,0.0,0.0,0.0,0.0,0.0,0.0,0.0,0.0,0.0,0.0,6.0,6.0,0.0,0.0,0.0,0.0,1.0,0.0,0.0,59.0,59.0,1.0,0.0,0.02,0.0,0.0,0.0,0.0,0.0
0.0,1.0,212.0,1940.0,0.0,0.0,0.0,0.0,0.0,1.0,0.0,0.0,0.0,0.0,0.0,0.0,0.0,0.0,0.0,0.0,1.0,2.0,0.0,0.0,0.0,0.0,1.0,0.0,1.0,1.0,69.0,1.0,0.0,1.0,0.04,0.0,0.0,0.0,0.0
0.0,1.0,159.0,4087.0,0.0,0.0,0.0,0.0,0.0,1.0,0.0,0.0,0.0,0.0,0.0,0.0,0.0,0.0,0.0,0.0,5.0,5.0,0.0,0.0,0.0,0.0,1.0,0.0,0.0,11.0,79.0,1.0,0.0,0.09,0.04,0.0,0.0,0.0,0.0
0.0,1.0,210.0,151.0,0.0,0.0,0.0,0.0,0.0,1.0,0.0,0.0,0.0,0.0,0.0,0.0,0.0,0.0,0.0,0.0,8.0,8.0,0.0,0.0,0.0,0.0,1.0,0.0,0.0,8.0,89.0,1.0,0.0,0.12,0.04,0.0,0.0,0.0,0.0
0.0,1.0,212.0,786.0,0.0,0.0,0.0,1.0,0.0,1.0,0.0,0.0,0.0,0.0,0.0,0.0,0.0,0.0,0.0,0.0,8.0,8.0,0.0,0.0,0.0,0.0,1.0,0.0,0.0,8.0,99.0,1.0,0.0,0.12,0.05,0.0,0.0,0.0,0.0
0.0,1.0,210.0,624.0,0.0,0.0,0.0,0.0,0.0,1.0,0.0,0.0,0.0,0.0,0.0,0.0,0.0,0.0,0.0,0.0,18.0,18.0,0.0,0.0,0.0,0.0,1.0,0.0,0.0,18.0,109.0,1.0,0.0,0.06,0.05,0.0,0.0,0.0,0.0
0.0,1.0,177.0,1985.0,0.0,0.0,0.0,0.0,0.0,1.0,0.0,0.0,0.0,0.0,0.0,0.0,0.0,0.0,0.0,0.0,1.0,1.0,0.0,0.0,0.0,0.0,1.0,0.0,0.0,28.0,119.0,1.0,0.0,0.04,0.04,0.0,0.0,0.0,0.0
0.0,1.0,222.0,773.0,0.0,0.0,0.0,0.0,0.0,1.0,0.0,0.0,0.0,0.0,0.0,0.0,0.0,0.0,0.0,0.0,11.0,11.0,0.0,0.0,0.0,0.0,1.0,0.0,0.0,38.0,129.0,1.0,0.0,0.03,0.04,0.0,0.0,0.0,0.0
0.0,1.0,256.0,1169.0,0.0,0.0,0.0,0.0,0.0,1.0,0.0,0.0,0.0,0.0,0.0,0.0,0.0,0.0,0.0,0.0,4.0,4.0,0.0,0.0,0.0,0.0,1.0,0.0,0.0,4.0,139.0,1.0,0.0,0.25,0.04,0.0,0.0,0.0,0.0
0.0,1.0,241.0,259.0,0.0,0.0,0.0,0.0,0.0,1.0,0.0,0.0,0.0,0.0,0.0,0.0,0.0,0.0,0.0,0.0,1.0,1.0,0.0,0.0,0.0,0.0,1.0,0.0,0.0,14.0,149.0,1.0,0.0,0.07,0.04,0.0,0.0,0.0,0.0
0.0,1.0,260.0,1837.0,0.0,0.0,0.0,0.0,0.0,1.0,0.0,0.0,0.0,0.0,0.0,0.0,0.0,0.0,0.0,0.0,11.0,11.0,0.0,0.0,0.0,0.0,1.0,0.0,0.0,24.0,159.0,1.0,0.0,0.04,0.04,0.0,0.0,0.0,0.0
0.0,1.0,241.0,261.0,0.0,0.0,0.0,0.0,0.0,1.0,0.0,0.0,0.0,0.0,0.0,0.0,0.0,0.0,0.0,0.0,2.0,2.0,0.0,0.0,0.0,0.0,1.0,0.0,0.0,34.0,169.0,1.0,0.0,0.03,0.04,0.0,0.0,0.0,0.0
0.0,1.0,257.0,818.0,0.0,0.0,0.0,0.0,0.0,1.0,0.0,0.0,0.0,0.0,0.0,0.0,0.0,0.0,0.0,0.0,12.0,12.0,0.0,0.0,0.0,0.0,1.0,0.0,0.0,44.0,179.0,1.0,0.0,0.02,0.03,0.0,0.0,0.0,0.0
0.0,1.0,233.0,255.0,0.0,0.0,0.0,0.0,0.0,1.0,0.0,0.0,0.0,0.0,0.0,0.0,0.0,0.0,0.0,0.0,2.0,8.0,0.0,0.0,0.0,0.0,1.0,0.0,0.25,54.0,189.0,1.0,0.0,0.02,0.03,0.0,0.0,0.0,0.0
0.0,1.0,233.0,504.0,0.0,0.0,0.0,0.0,0.0,1.0,0.0,0.0,0.0,0.0,0.0,0.0,0.0,0.0,0.0,0.0,7.0,7.0,0.0,0.0,0.0,0.0,1.0,0.0,0.0,64.0,199.0,1.0,0.0,0.02,0.03,0.0,0.0,0.0,0.0
0.0,1.0,256.0,1273.0,0.0,0.0,0.0,0.0,0.0,1.0,0.0,0.0,0.0,0.0,0.0,0.0,0.0,0.0,0.0,0.0,17.0,17.0,0.0,0.0,0.0,0.0,1.0,0.0,0.0,74.0,209.0,1.0,0.0,0.01,0.03,0.0,0.0,0.0,0.0
0.0,1.0,234.0,255.0,0.0,0.0,0.0,0.0,0.0,1.0,0.0,0.0,0.0,0.0,0.0,0.0,0.0,0.0,0.0,0.0,5.0,5.0,0.0,0.0,0.0,0.0,1.0,0.0,0.0,84.0,219.0,1.0,0.0,0.01,0.03,0.0,0.0,0.0,0.0
0.0,1.0,241.0,259.0,0.0,0.0,0.0,0.0,0.0,1.0,0.0,0.0,0.0,0.0,0.0,0.0,0.0,0.0,0.0,0.0,12.0,12.0,0.0,0.0,0.0,0.0,1.0,0.0,0.0,94.0,229.0,1.0,0.0,0.01,0.03,0.0,0.0,0.0,0.0
0.0,1.0,239.0,968.0,0.0,0.0,0.0,0.0,0.0,1.0,0.0,0.0,0.0,0.0,0.0,0.0,0.0,0.0,0.0,0.0,3.0,3.0,0.0,0.0,0.0,0.0,1.0,0.0,0.0,3.0,239.0,1.0,0.0,0.33,0.03,0.0,0.0,0.0,0.0
0.0,1.0,245.0,1919.0,0.0,0.0,0.0,0.0,0.0,1.0,0.0,0.0,0.0,0.0,0.0,0.0,0.0,0.0,0.0,0.0,13.0,13.0,0.0,0.0,0.0,0.0,1.0,0.0,0.0,13.0,249.0,1.0,0.0,0.08,0.03,0.0,0.0,0.0,0.0
0.0,1.0,248.0,2129.0,0.0,0.0,0.0,0.0,0.0,1.0,0.0,0.0,0.0,0.0,0.0,0.0,0.0,0.0,0.0,0.0,23.0,23.0,0.0,0.0,0.0,0.0,1.0,0.0,0.0,23.0,255.0,1.0,0.0,0.04,0.03,0.0,0.0,0.0,0.0
0.0,1.0,354.0,1752.0,0.0,0.0,0.0,0.0,0.0,1.0,0.0,0.0,0.0,0.0,0.0,0.0,0.0,0.0,0.0,0.0,2.0,2.0,0.0,0.0,0.0,0.0,1.0,0.0,0.0,5.0,255.0,1.0,0.0,0.2,0.04,0.0,0.0,0.0,0.0
0.0,1.0,193.0,3991.0,0.0,0.0,0.0,0.0,0.0,1.0,0.0,0.0,0.0,0.0,0.0,0.0,0.0,0.0,0.0,0.0,1.0,1.0,0.0,0.0,0.0,0.0,1.0,0.0,0.0,1.0,255.0,1.0,0.0,1.0,0.05,0.0,0.0,0.0,0.0
0.0,1.0,214.0,14959.0,0.0,0.0,0.0,0.0,0.0,1.0,0.0,0.0,0.0,0.0,0.0,0.0,0.0,0.0,0.0,0.0,6.0,6.0,0.0,0.0,0.0,0.0,1.0,0.0,0.0,11.0,255.0,1.0,0.0,0.09,0.05,0.0,0.0,0.0,0.0
0.0,1.0,212.0,1309.0,0.0,0.0,0.0,0.0,0.0,1.0,0.0,0.0,0.0,0.0,0.0,0.0,0.0,0.0,0.0,0.0,2.0,10.0,0.0,0.0,0.0,0.0,1.0,0.0,0.2,21.0,255.0,1.0,0.0,0.05,0.05,0.0,0.0,0.0,0.0
0.0,1.0,215.0,3670.0,0.0,0.0,0.0,0.0,0.0,1.0,0.0,0.0,0.0,0.0,0.0,0.0,0.0,0.0,0.0,0.0,3.0,3.0,0.0,0.0,0.0,0.0,1.0,0.0,0.0,31.0,255.0,1.0,0.0,0.03,0.05,0.0,0.0,0.0,0.0
0.0,1.0,217.0,18434.0,0.0,0.0,0.0,0.0,0.0,1.0,0.0,0.0,0.0,0.0,0.0,0.0,0.0,0.0,0.0,0.0,2.0,2.0,0.0,0.0,0.0,0.0,1.0,0.0,0.0,41.0,255.0,1.0,0.0,0.02,0.05,0.0,0.0,0.0,0.0
0.0,1.0,205.0,424.0,0.0,0.0,0.0,0.0,0.0,1.0,0.0,0.0,0.0,0.0,0.0,0.0,0.0,0.0,0.0,0.0,2.0,25.0,0.0,0.0,0.0,0.0,1.0,0.0,0.12,2.0,255.0,1.0,0.0,0.5,0.05,0.0,0.0,0.0,0.0
0.0,1.0,155.0,424.0,0.0,0.0,0.0,0.0,0.0,1.0,0.0,0.0,0.0,0.0,0.0,0.0,0.0,0.0,0.0,0.0,3.0,13.0,0.0,0.0,0.0,0.0,1.0,0.0,0.15,12.0,255.0,1.0,0.0,0.08,0.05,0.0,0.0,0.0,0.0
0.0,1.0,202.0,424.0,0.0,0.0,0.0,0.0,0.0,1.0,0.0,0.0,0.0,0.0,0.0,0.0,0.0,0.0,0.0,0.0,3.0,3.0,0.0,0.0,0.0,0.0,1.0,0.0,0.0,22.0,255.0,1.0,0.0,0.05,0.05,0.0,0.0,0.0,0.0
0.0,1.0,235.0,6627.0,0.0,0.0,0.0,0.0,0.0,1.0,0.0,0.0,0.0,0.0,0.0,0.0,0.0,0.0,0.0,0.0,1.0,1.0,0.0,0.0,0.0,0.0,1.0,0.0,0.0,32.0,255.0,1.0,0.0,0.03,0.05,0.0,0.0,0.0,0.0
0.0,1.0,259.0,3917.0,0.0,0.0,0.0,0.0,0.0,1.0,0.0,0.0,0.0,0.0,0.0,0.0,0.0,0.0,0.0,0.0,1.0,1.0,0.0,0.0,0.0,0.0,1.0,0.0,0.0,42.0,255.0,1.0,0.0,0.02,0.05,0.0,0.0,0.0,0.0
0.0,1.0,301.0,2653.0,0.0,0.0,0.0,0.0,0.0,1.0,0.0,0.0,0.0,0.0,0.0,0.0,0.0,0.0,0.0,0.0,2.0,2.0,0.0,0.0,0.0,0.0,1.0,0.0,0.0,52.0,255.0,1.0,0.0,0.02,0.05,0.0,0.0,0.0,0.0
0.0,1.0,322.0,424.0,0.0,0.0,0.0,0.0,0.0,1.0,0.0,0.0,0.0,0.0,0.0,0.0,0.0,0.0,0.0,0.0,2.0,2.0,0.0,0.0,0.0,0.0,1.0,0.0,0.0,62.0,255.0,1.0,0.0,0.02,0.05,0.0,0.0,0.0,0.0
0.0,1.0,370.0,520.0,0.0,0.0,0.0,0.0,0.0,1.0,0.0,0.0,0.0,0.0,0.0,0.0,0.0,0.0,0.0,0.0,3.0,3.0,0.0,0.0,0.0,0.0,1.0,0.0,0.0,72.0,255.0,1.0,0.0,0.01,0.04,0.0,0.0,0.0,0.0
0.0,1.0,370.0,520.0,0.0,0.0,0.0,0.0,0.0,1.0,0.0,0.0,0.0,0.0,0.0,0.0,0.0,0.0,0.0,0.0,3.0,3.0,0.0,0.0,0.0,0.0,1.0,0.0,0.0,82.0,255.0,1.0,0.0,0.01,0.04,0.0,0.0,0.0,0.0
0.0,1.0,172.0,5884.0,0.0,0.0,0.0,0.0,0.0,1.0,0.0,0.0,0.0,0.0,0.0,0.0,0.0,0.0,0.0,0.0,6.0,6.0,0.0,0.0,0.0,0.0,1.0,0.0,0.0,10.0,255.0,1.0,0.0,0.1,0.05,0.0,0.0,0.0,0.0
0.0,1.0,264.0,16123.0,0.0,0.0,0.0,0.0,0.0,1.0,0.0,0.0,0.0,0.0,0.0,0.0,0.0,0.0,0.0,0.0,2.0,13.0,0.0,0.0,0.0,0.0,1.0,0.0,0.23,20.0,255.0,1.0,0.0,0.05,0.05,0.0,0.0,0.0,0.0
0.0,1.0,255.0,1948.0,0.0,0.0,0.0,0.0,0.0,1.0,0.0,0.0,0.0,0.0,0.0,0.0,0.0,0.0,0.0,0.0,4.0,14.0,0.0,0.0,0.0,0.0,1.0,0.0,0.14,30.0,255.0,1.0,0.0,0.03,0.05,0.0,0.0,0.0,0.0
0.0,1.0,274.0,19790.0,0.0,0.0,0.0,0.0,0.0,1.0,0.0,0.0,0.0,0.0,0.0,0.0,0.0,0.0,0.0,0.0,6.0,6.0,0.0,0.0,0.0,0.0,1.0,0.0,0.0,40.0,255.0,1.0,0.0,0.03,0.05,0.0,0.0,0.0,0.0
0.0,1.0,313.0,293.0,0.0,0.0,0.0,0.0,0.0,1.0,0.0,0.0,0.0,0.0,0.0,0.0,0.0,0.0,0.0,0.0,3.0,3.0,0.0,0.0,0.0,0.0,1.0,0.0,0.0,3.0,255.0,1.0,0.0,0.33,0.05,0.0,0.0,0.0,0.0
0.0,1.0,145.0,4466.0,0.0,0.0,0.0,0.0,0.0,1.0,0.0,0.0,0.0,0.0,0.0,0.0,0.0,0.0,0.0,0.0,4.0,4.0,0.0,0.0,0.0,0.0,1.0,0.0,0.0,13.0,255.0,1.0,0.0,0.08,0.05,0.0,0.0,0.0,0.0
0.0,1.0,290.0,460.0,0.0,0.0,0.0,0.0,0.0,1.0,0.0,0.0,0.0,0.0,0.0,0.0,0.0,0.0,0.0,0.0,1.0,1.0,0.0,0.0,0.0,0.0,1.0,0.0,0.0,23.0,255.0,1.0,0.0,0.04,0.05,0.0,0.0,0.0,0.0
0.0,1.0,309.0,17798.0,0.0,0.0,0.0,0.0,0.0,1.0,0.0,0.0,0.0,0.0,0.0,0.0,0.0,0.0,0.0,0.0,2.0,2.0,0.0,0.0,0.0,0.0,1.0,0.0,0.0,2.0,255.0,1.0,0.0,0.5,0.06,0.0,0.0,0.0,0.0
0.0,1.0,317.0,2075.0,0.0,0.0,0.0,0.0,0.0,1.0,0.0,0.0,0.0,0.0,0.0,0.0,0.0,0.0,0.0,0.0,4.0,4.0,0.0,0.0,0.0,0.0,1.0,0.0,0.0,8.0,255.0,1.0,0.0,0.12,0.06,0.0,0.0,0.0,0.0
0.0,1.0,300.0,42747.0,0.0,0.0,0.0,0.0,0.0,1.0,0.0,0.0,0.0,0.0,0.0,0.0,0.0,0.0,0.0,0.0,4.0,5.0,0.0,0.0,0.0,0.0,1.0,0.0,0.4,18.0,255.0,1.0,0.0,0.06,0.06,0.0,0.0,0.0,0.0
0.0,1.0,307.0,1377.0,0.0,0.0,0.0,0.0,0.0,1.0,0.0,0.0,0.0,0.0,0.0,0.0,0.0,0.0,0.0,0.0,8.0,8.0,0.0,0.0,0.0,0.0,1.0,0.0,0.0,8.0,255.0,1.0,0.0,0.12,0.06,0.0,0.0,0.0,0.0
0.0,1.0,309.0,1030.0,0.0,0.0,0.0,0.0,0.0,1.0,0.0,0.0,0.0,0.0,0.0,0.0,0.0,0.0,0.0,0.0,18.0,18.0,0.0,0.0,0.0,0.0,1.0,0.0,0.0,18.0,255.0,1.0,0.0,0.06,0.05,0.0,0.0,0.0,0.0
0.0,1.0,306.0,1030.0,0.0,0.0,0.0,0.0,0.0,1.0,0.0,0.0,0.0,0.0,0.0,0.0,0.0,0.0,0.0,0.0,28.0,28.0,0.0,0.0,0.0,0.0,1.0,0.0,0.0,28.0,255.0,1.0,0.0,0.04,0.04,0.0,0.0,0.0,0.0
0.0,1.0,237.0,1691.0,0.0,0.0,0.0,0.0,0.0,1.0,0.0,0.0,0.0,0.0,0.0,0.0,0.0,0.0,0.0,0.0,10.0,10.0,0.0,0.0,0.0,0.0,1.0,0.0,0.0,10.0,255.0,1.0,0.0,0.1,0.05,0.0,0.0,0.0,0.0
0.0,1.0,237.0,2964.0,0.0,0.0,0.0,0.0,0.0,1.0,0.0,0.0,0.0,0.0,0.0,0.0,0.0,0.0,0.0,0.0,7.0,7.0,0.0,0.0,0.0,0.0,1.0,0.0,0.0,20.0,255.0,1.0,0.0,0.05,0.05,0.0,0.0,0.0,0.0
0.0,1.0,239.0,1691.0,0.0,0.0,0.0,0.0,0.0,1.0,0.0,0.0,0.0,0.0,0.0,0.0,0.0,0.0,0.0,0.0,4.0,4.0,0.0,0.0,0.0,0.0,1.0,0.0,0.0,30.0,255.0,1.0,0.0,0.03,0.05,0.0,0.0,0.0,0.0
0.0,1.0,160.0,170.0,0.0,0.0,0.0,0.0,0.0,1.0,0.0,0.0,0.0,0.0,0.0,0.0,0.0,0.0,0.0,0.0,1.0,1.0,0.0,0.0,0.0,0.0,1.0,0.0,0.0,1.0,255.0,1.0,0.0,1.0,0.05,0.0,0.0,0.0,0.0
0.0,1.0,231.0,2281.0,0.0,0.0,0.0,0.0,0.0,1.0,0.0,0.0,0.0,0.0,0.0,0.0,0.0,0.0,0.0,0.0,9.0,10.0,0.0,0.0,0.0,0.0,1.0,0.0,0.2,11.0,255.0,1.0,0.0,0.09,0.04,0.0,0.0,0.0,0.0
0.0,1.0,227.0,1247.0,0.0,0.0,0.0,0.0,0.0,1.0,0.0,0.0,0.0,0.0,0.0,0.0,0.0,0.0,0.0,0.0,19.0,20.0,0.0,0.0,0.0,0.0,1.0,0.0,0.1,21.0,255.0,1.0,0.0,0.05,0.04,0.0,0.0,0.0,0.0
0.0,1.0,232.0,8766.0,0.0,0.0,0.0,0.0,0.0,1.0,0.0,0.0,0.0,0.0,0.0,0.0,0.0,0.0,0.0,0.0,10.0,10.0,0.0,0.0,0.0,0.0,1.0,0.0,0.0,31.0,255.0,1.0,0.0,0.03,0.04,0.0,0.0,0.0,0.0
0.0,1.0,233.0,3609.0,0.0,0.0,0.0,0.0,0.0,1.0,0.0,0.0,0.0,0.0,0.0,0.0,0.0,0.0,0.0,0.0,6.0,6.0,0.0,0.0,0.0,0.0,1.0,0.0,0.0,41.0,255.0,1.0,0.0,0.02,0.04,0.0,0.0,0.0,0.0
0.0,1.0,236.0,468.0,0.0,0.0,0.0,0.0,0.0,1.0,0.0,0.0,0.0,0.0,0.0,0.0,0.0,0.0,0.0,0.0,16.0,17.0,0.0,0.0,0.0,0.0,1.0,0.0,0.12,51.0,255.0,1.0,0.0,0.02,0.04,0.0,0.0,0.0,0.0
0.0,1.0,322.0,8766.0,0.0,0.0,0.0,0.0,0.0,1.0,0.0,0.0,0.0,0.0,0.0,0.0,0.0,0.0,0.0,0.0,7.0,7.0,0.0,0.0,0.0,0.0,1.0,0.0,0.0,61.0,255.0,1.0,0.0,0.02,0.04,0.0,0.0,0.0,0.0
0.0,1.0,327.0,2112.0,0.0,0.0,0.0,0.0,0.0,1.0,0.0,0.0,0.0,0.0,0.0,0.0,0.0,0.0,0.0,0.0,17.0,17.0,0.0,0.0,0.0,0.0,1.0,0.0,0.0,71.0,255.0,1.0,0.0,0.01,0.04,0.0,0.0,0.0,0.0
0.0,1.0,225.0,2063.0,0.0,0.0,0.0,0.0,0.0,1.0,0.0,0.0,0.0,0.0,0.0,0.0,0.0,0.0,0.0,0.0,8.0,8.0,0.0,0.0,0.0,0.0,1.0,0.0,0.0,81.0,255.0,1.0,0.0,0.01,0.04,0.0,0.0,0.0,0.0
0.0,1.0,224.0,1658.0,0.0,0.0,0.0,0.0,0.0,1.0,0.0,0.0,0.0,0.0,0.0,0.0,0.0,0.0,0.0,0.0,18.0,18.0,0.0,0.0,0.0,0.0,1.0,0.0,0.0,91.0,255.0,1.0,0.0,0.01,0.04,0.0,0.0,0.0,0.0
0.0,1.0,224.0,3609.0,0.0,0.0,0.0,0.0,0.0,1.0,0.0,0.0,0.0,0.0,0.0,0.0,0.0,0.0,0.0,0.0,9.0,10.0,0.0,0.0,0.0,0.0,1.0,0.0,0.2,101.0,255.0,1.0,0.0,0.02,0.04,0.0,0.0,0.0,0.0
0.0,1.0,230.0,2118.0,0.0,0.0,0.0,0.0,0.0,1.0,0.0,0.0,0.0,0.0,0.0,0.0,0.0,0.0,0.0,0.0,19.0,20.0,0.0,0.0,0.0,0.0,1.0,0.0,0.1,111.0,255.0,1.0,0.0,0.02,0.04,0.0,0.0,0.0,0.0
0.0,1.0,239.0,304.0,0.0,0.0,0.0,0.0,0.0,1.0,0.0,0.0,0.0,0.0,0.0,0.0,0.0,0.0,0.0,0.0,10.0,20.0,0.0,0.0,0.0,0.0,1.0,0.0,0.2,121.0,255.0,1.0,0.0,0.01,0.04,0.0,0.0,0.0,0.0
0.0,1.0,240.0,2164.0,0.0,0.0,0.0,0.0,0.0,1.0,0.0,0.0,0.0,0.0,0.0,0.0,0.0,0.0,0.0,0.0,6.0,34.0,0.0,0.0,0.0,0.0,1.0,0.0,0.06,131.0,255.0,1.0,0.0,0.01,0.03,0.0,0.0,0.0,0.0
0.0,1.0,237.0,2112.0,0.0,0.0,0.0,0.0,0.0,1.0,0.0,0.0,0.0,0.0,0.0,0.0,0.0,0.0,0.0,0.0,16.0,33.0,0.0,0.0,0.0,0.0,1.0,0.0,0.06,141.0,255.0,1.0,0.0,0.01,0.03,0.0,0.0,0.0,0.0
0.0,1.0,229.0,304.0,0.0,0.0,0.0,0.0,0.0,1.0,0.0,0.0,0.0,0.0,0.0,0.0,0.0,0.0,0.0,0.0,7.0,7.0,0.0,0.0,0.0,0.0,1.0,0.0,0.0,151.0,255.0,1.0,0.0,0.01,0.03,0.0,0.0,0.0,0.0
0.0,1.0,164.0,4460.0,0.0,0.0,0.0,0.0,0.0,1.0,0.0,0.0,0.0,0.0,0.0,0.0,0.0,0.0,0.0,0.0,17.0,18.0,0.0,0.0,0.0,0.0,1.0,0.0,0.11,161.0,255.0,1.0,0.0,0.01,0.02,0.0,0.0,0.0,0.0
0.0,1.0,242.0,2118.0,0.0,0.0,0.0,0.0,0.0,1.0,0.0,0.0,0.0,0.0,0.0,0.0,0.0,0.0,0.0,0.0,27.0,28.0,0.0,0.0,0.0,0.0,1.0,0.0,0.07,171.0,255.0,1.0,0.0,0.01,0.02,0.0,0.0,0.0,0.0
0.0,1.0,238.0,296.0,0.0,0.0,0.0,0.0,0.0,1.0,0.0,0.0,0.0,0.0,0.0,0.0,0.0,0.0,0.0,0.0,4.0,10.0,0.0,0.0,0.0,0.0,1.0,0.0,0.2,181.0,255.0,1.0,0.0,0.01,0.02,0.0,0.0,0.0,0.0
0.0,1.0,238.0,2112.0,0.0,0.0,0.0,0.0,0.0,1.0,0.0,0.0,0.0,0.0,0.0,0.0,0.0,0.0,0.0,0.0,14.0,20.0,0.0,0.0,0.0,0.0,1.0,0.0,0.1,191.0,255.0,1.0,0.0,0.01,0.01,0.0,0.0,0.0,0.0
0.0,1.0,208.0,2000.0,0.0,0.0,0.0,0.0,0.0,1.0,0.0,0.0,0.0,0.0,0.0,0.0,0.0,0.0,0.0,0.0,5.0,19.0,0.0,0.0,0.0,0.0,1.0,0.0,0.16,201.0,255.0,1.0,0.0,0.0,0.01,0.0,0.0,0.0,0.0
0.0,1.0,213.0,2164.0,0.0,0.0,0.0,0.0,0.0,1.0,0.0,0.0,0.0,0.0,0.0,0.0,0.0,0.0,0.0,0.0,15.0,34.0,0.0,0.0,0.0,0.0,1.0,0.0,0.12,211.0,255.0,1.0,0.0,0.0,0.01,0.0,0.0,0.0,0.0
0.0,1.0,297.0,2000.0,0.0,0.0,0.0,0.0,0.0,1.0,0.0,0.0,0.0,0.0,0.0,0.0,0.0,0.0,0.0,0.0,6.0,6.0,0.0,0.0,0.0,0.0,1.0,0.0,0.0,221.0,255.0,1.0,0.0,0.0,0.01,0.0,0.0,0.0,0.0
0.0,1.0,302.0,2164.0,0.0,0.0,0.0,0.0,0.0,1.0,0.0,0.0,0.0,0.0,0.0,0.0,0.0,0.0,0.0,0.0,16.0,16.0,0.0,0.0,0.0,0.0,1.0,0.0,0.0,231.0,255.0,1.0,0.0,0.0,0.01,0.0,0.0,0.0,0.0
0.0,1.0,310.0,2195.0,0.0,0.0,0.0,0.0,0.0,1.0,0.0,0.0,0.0,0.0,0.0,0.0,0.0,0.0,0.0,0.0,7.0,7.0,0.0,0.0,0.0,0.0,1.0,0.0,0.0,241.0,255.0,1.0,0.0,0.0,0.01,0.0,0.0,0.0,0.0
0.0,1.0,314.0,2298.0,0.0,0.0,0.0,0.0,0.0,1.0,0.0,0.0,0.0,0.0,0.0,0.0,0.0,0.0,0.0,0.0,3.0,9.0,0.0,0.0,0.0,0.0,1.0,0.0,0.22,251.0,255.0,1.0,0.0,0.0,0.01,0.0,0.0,0.0,0.0
0.0,1.0,309.0,296.0,0.0,0.0,0.0,0.0,0.0,1.0,0.0,0.0,0.0,0.0,0.0,0.0,0.0,0.0,0.0,0.0,13.0,19.0,0.0,0.0,0.0,0.0,1.0,0.0,0.11,255.0,255.0,1.0,0.0,0.0,0.0,0.0,0.0,0.0,0.0
0.0,1.0,307.0,468.0,0.0,0.0,0.0,0.0,0.0,1.0,0.0,0.0,0.0,0.0,0.0,0.0,0.0,0.0,0.0,0.0,9.0,14.0,0.0,0.0,0.0,0.0,1.0,0.0,0.14,255.0,255.0,1.0,0.0,0.0,0.0,0.0,0.0,0.0,0.0
0.0,1.0,310.0,304.0,0.0,0.0,0.0,0.0,0.0,1.0,0.0,0.0,0.0,0.0,0.0,0.0,0.0,0.0,0.0,0.0,5.0,5.0,0.0,0.0,0.0,0.0,1.0,0.0,0.0,255.0,255.0,1.0,0.0,0.0,0.0,0.0,0.0,0.0,0.0
0.0,1.0,187.0,4460.0,0.0,0.0,0.0,0.0,0.0,1.0,0.0,0.0,0.0,0.0,0.0,0.0,0.0,0.0,0.0,0.0,1.0,1.0,0.0,0.0,0.0,0.0,1.0,0.0,0.0,255.0,255.0,1.0,0.0,0.0,0.0,0.0,0.0,0.0,0.0
0.0,1.0,201.0,3421.0,0.0,0.0,0.0,0.0,0.0,1.0,0.0,0.0,0.0,0.0,0.0,0.0,0.0,0.0,0.0,0.0,11.0,11.0,0.0,0.0,0.0,0.0,1.0,0.0,0.0,255.0,255.0,1.0,0.0,0.0,0.0,0.0,0.0,0.0,0.0
0.0,1.0,155.0,2026.0,0.0,0.0,0.0,0.0,0.0,1.0,0.0,0.0,0.0,0.0,0.0,0.0,0.0,0.0,0.0,0.0,2.0,2.0,0.0,0.0,0.0,0.0,1.0,0.0,0.0,255.0,255.0,1.0,0.0,0.0,0.0,0.0,0.0,0.0,0.0
0.0,1.0,222.0,1981.0,0.0,0.0,0.0,0.0,0.0,1.0,0.0,0.0,0.0,0.0,0.0,0.0,0.0,0.0,0.0,0.0,12.0,12.0,0.0,0.0,0.0,0.0,1.0,0.0,0.0,255.0,255.0,1.0,0.0,0.0,0.0,0.0,0.0,0.0,0.0
0.0,1.0,219.0,2000.0,0.0,0.0,0.0,0.0,0.0,1.0,0.0,0.0,0.0,0.0,0.0,0.0,0.0,0.0,0.0,0.0,8.0,8.0,0.0,0.0,0.0,0.0,1.0,0.0,0.0,255.0,255.0,1.0,0.0,0.0,0.0,0.0,0.0,0.0,0.0
0.0,1.0,220.0,304.0,0.0,0.0,0.0,0.0,0.0,1.0,0.0,0.0,0.0,0.0,0.0,0.0,0.0,0.0,0.0,0.0,4.0,7.0,0.0,0.0,0.0,0.0,1.0,0.0,0.29,255.0,255.0,1.0,0.0,0.0,0.0,0.0,0.0,0.0,0.0
0.0,1.0,230.0,2395.0,0.0,0.0,0.0,0.0,0.0,1.0,0.0,0.0,0.0,0.0,0.0,0.0,0.0,0.0,0.0,0.0,14.0,18.0,0.0,0.0,0.0,0.0,1.0,0.0,0.11,255.0,255.0,1.0,0.0,0.0,0.0,0.0,0.0,0.0,0.0
0.0,1.0,221.0,2112.0,0.0,0.0,0.0,0.0,0.0,1.0,0.0,0.0,0.0,0.0,0.0,0.0,0.0,0.0,0.0,0.0,10.0,10.0,0.0,0.0,0.0,0.0,1.0,0.0,0.0,255.0,255.0,1.0,0.0,0.0,0.0,0.0,0.0,0.0,0.0
0.0,1.0,329.0,1735.0,0.0,0.0,0.0,0.0,0.0,1.0,0.0,0.0,0.0,0.0,0.0,0.0,0.0,0.0,0.0,0.0,2.0,11.0,0.0,0.0,0.0,0.0,1.0,0.0,0.18,2.0,255.0,1.0,0.0,0.5,0.01,0.0,0.0,0.0,0.0
0.0,1.0,337.0,330.0,0.0,0.0,0.0,0.0,0.0,1.0,0.0,0.0,0.0,0.0,0.0,0.0,0.0,0.0,0.0,0.0,12.0,12.0,0.0,0.0,0.0,0.0,1.0,0.0,0.0,12.0,255.0,1.0,0.0,0.08,0.01,0.0,0.0,0.0,0.0
0.0,1.0,293.0,38125.0,0.0,0.0,0.0,0.0,0.0,1.0,0.0,0.0,0.0,0.0,0.0,0.0,0.0,0.0,0.0,0.0,22.0,22.0,0.0,0.0,0.0,0.0,1.0,0.0,0.0,22.0,255.0,1.0,0.0,0.05,0.01,0.0,0.0,0.0,0.0
0.0,1.0,171.0,280.0,0.0,0.0,0.0,0.0,0.0,1.0,0.0,0.0,0.0,0.0,0.0,0.0,0.0,0.0,0.0,0.0,1.0,26.0,0.0,0.0,0.0,0.0,1.0,0.0,0.08,6.0,255.0,1.0,0.0,0.17,0.02,0.0,0.0,0.0,0.0
0.0,1.0,178.0,1973.0,0.0,0.0,0.0,0.0,0.0,1.0,0.0,0.0,0.0,0.0,0.0,0.0,0.0,0.0,0.0,0.0,2.0,2.0,0.0,0.0,0.0,0.0,1.0,0.0,0.0,16.0,255.0,1.0,0.0,0.06,0.02,0.0,0.0,0.0,0.0
0.0,1.0,331.0,8415.0,0.0,0.0,0.0,0.0,0.0,1.0,0.0,0.0,0.0,0.0,0.0,0.0,0.0,0.0,0.0,0.0,2.0,2.0,0.0,0.0,0.0,0.0,1.0,0.0,0.0,26.0,255.0,1.0,0.0,0.04,0.02,0.0,0.0,0.0,0.0
0.0,1.0,314.0,308.0,0.0,0.0,0.0,0.0,0.0,1.0,0.0,0.0,0.0,0.0,0.0,0.0,0.0,0.0,0.0,0.0,4.0,23.0,0.0,0.0,0.0,0.0,1.0,0.0,0.09,4.0,255.0,1.0,0.0,0.25,0.03,0.0,0.0,0.0,0.0
0.0,1.0,330.0,13179.0,0.0,0.0,0.0,0.0,0.0,1.0,0.0,0.0,0.0,0.0,0.0,0.0,0.0,0.0,0.0,0.0,1.0,1.0,0.0,0.0,0.0,0.0,1.0,0.0,0.0,14.0,255.0,1.0,0.0,0.07,0.03,0.0,0.0,0.0,0.0
0.0,1.0,341.0,1473.0,0.0,0.0,0.0,0.0,0.0,1.0,0.0,0.0,0.0,0.0,0.0,0.0,0.0,0.0,0.0,0.0,7.0,7.0,0.0,0.0,0.0,0.0,1.0,0.0,0.0,24.0,255.0,1.0,0.0,0.04,0.03,0.0,0.0,0.0,0.0
0.0,1.0,302.0,3966.0,0.0,0.0,0.0,0.0,0.0,1.0,0.0,0.0,0.0,0.0,0.0,0.0,0.0,0.0,0.0,0.0,4.0,4.0,0.0,0.0,0.0,0.0,1.0,0.0,0.0,34.0,255.0,1.0,0.0,0.03,0.03,0.0,0.0,0.0,0.0
0.0,1.0,172.0,524.0,0.0,0.0,0.0,0.0,0.0,1.0,0.0,0.0,0.0,0.0,0.0,0.0,0.0,0.0,0.0,0.0,2.0,34.0,0.0,0.0,0.0,0.0,1.0,0.0,0.06,10.0,255.0,1.0,0.0,0.1,0.03,0.0,0.0,0.0,0.0
0.0,1.0,218.0,13340.0,0.0,0.0,0.0,0.0,0.0,1.0,0.0,0.0,0.0,0.0,0.0,0.0,0.0,0.0,0.0,0.0,2.0,2.0,0.0,0.0,0.0,0.0,1.0,0.0,0.0,2.0,255.0,1.0,0.0,0.5,0.04,0.0,0.0,0.0,0.0
0.0,1.0,223.0,384.0,0.0,0.0,0.0,0.0,0.0,1.0,0.0,0.0,0.0,0.0,0.0,0.0,0.0,0.0,0.0,0.0,5.0,5.0,0.0,0.0,0.0,0.0,1.0,0.0,0.0,5.0,255.0,1.0,0.0,0.2,0.04,0.0,0.0,0.0,0.0
0.0,1.0,232.0,1302.0,0.0,0.0,0.0,0.0,0.0,1.0,0.0,0.0,0.0,0.0,0.0,0.0,0.0,0.0,0.0,0.0,4.0,4.0,0.0,0.0,0.0,0.0,1.0,0.0,0.0,4.0,255.0,1.0,0.0,0.25,0.05,0.0,0.0,0.0,0.0
0.0,1.0,220.0,8970.0,0.0,0.0,0.0,0.0,0.0,1.0,0.0,0.0,0.0,0.0,0.0,0.0,0.0,0.0,0.0,0.0,14.0,14.0,0.0,0.0,0.0,0.0,1.0,0.0,0.0,14.0,255.0,1.0,0.0,0.07,0.05,0.0,0.0,0.0,0.0
0.0,1.0,228.0,2917.0,0.0,0.0,0.0,0.0,0.0,1.0,0.0,0.0,0.0,0.0,0.0,0.0,0.0,0.0,0.0,0.0,10.0,29.0,0.0,0.0,0.0,0.0,1.0,0.0,0.07,24.0,255.0,1.0,0.0,0.04,0.05,0.0,0.0,0.0,0.0
0.0,1.0,232.0,1302.0,0.0,0.0,0.0,0.0,0.0,1.0,0.0,0.0,0.0,0.0,0.0,0.0,0.0,0.0,0.0,0.0,4.0,4.0,0.0,0.0,0.0,0.0,1.0,0.0,0.0,34.0,255.0,1.0,0.0,0.03,0.05,0.0,0.0,0.0,0.0
0.0,1.0,229.0,4966.0,0.0,0.0,0.0,0.0,0.0,1.0,0.0,0.0,0.0,0.0,0.0,0.0,0.0,0.0,0.0,0.0,14.0,14.0,0.0,0.0,0.0,0.0,1.0,0.0,0.0,44.0,255.0,1.0,0.0,0.02,0.05,0.0,0.0,0.0,0.0
0.0,1.0,204.0,8970.0,0.0,0.0,0.0,0.0,0.0,1.0,0.0,0.0,0.0,0.0,0.0,0.0,0.0,0.0,0.0,0.0,10.0,10.0,0.0,0.0,0.0,0.0,1.0,0.0,0.0,54.0,255.0,1.0,0.0,0.02,0.05,0.0,0.0,0.0,0.0
0.0,1.0,212.0,4433.0,0.0,0.0,0.0,0.0,0.0,1.0,0.0,0.0,0.0,0.0,0.0,0.0,0.0,0.0,0.0,0.0,6.0,6.0,0.0,0.0,0.0,0.0,1.0,0.0,0.0,64.0,255.0,1.0,0.0,0.02,0.05,0.0,0.0,0.0,0.0
0.0,1.0,224.0,1302.0,0.0,0.0,0.0,0.0,0.0,1.0,0.0,0.0,0.0,0.0,0.0,0.0,0.0,0.0,0.0,0.0,2.0,2.0,0.0,0.0,0.0,0.0,1.0,0.0,0.0,74.0,255.0,1.0,0.0,0.01,0.05,0.0,0.0,0.0,0.0
0.0,1.0,215.0,1869.0,0.0,0.0,0.0,0.0,0.0,1.0,0.0,0.0,0.0,0.0,0.0,0.0,0.0,0.0,0.0,0.0,10.0,14.0,0.0,0.0,0.0,0.0,1.0,0.0,0.14,84.0,255.0,1.0,0.0,0.01,0.05,0.0,0.0,0.0,0.0
0.0,1.0,267.0,14496.0,0.0,0.0,0.0,0.0,0.0,1.0,0.0,0.0,0.0,0.0,0.0,0.0,0.0,0.0,0.0,0.0,3.0,8.0,0.0,0.0,0.0,0.0,1.0,0.0,0.25,3.0,255.0,1.0,0.0,0.33,0.06,0.0,0.0,0.0,0.0
0.0,1.0,284.0,43129.0,0.0,0.0,0.0,0.0,0.0,1.0,0.0,0.0,0.0,0.0,0.0,0.0,0.0,0.0,0.0,0.0,3.0,3.0,0.0,0.0,0.0,0.0,1.0,0.0,0.0,13.0,255.0,1.0,0.0,0.08,0.06,0.0,0.0,0.0,0.0
0.0,1.0,307.0,3727.0,0.0,0.0,0.0,0.0,0.0,1.0,0.0,0.0,0.0,0.0,0.0,0.0,0.0,0.0,0.0,0.0,6.0,6.0,0.0,0.0,0.0,0.0,1.0,0.0,0.0,23.0,255.0,1.0,0.0,0.04,0.06,0.0,0.0,0.0,0.0
0.0,1.0,212.0,43129.0,0.0,0.0,0.0,0.0,0.0,1.0,0.0,0.0,0.0,0.0,0.0,0.0,0.0,0.0,0.0,0.0,2.0,2.0,0.0,0.0,0.0,0.0,1.0,0.0,0.0,33.0,255.0,1.0,0.0,0.03,0.05,0.0,0.0,0.0,0.0
0.0,1.0,267.0,9317.0,0.0,0.0,0.0,0.0,0.0,1.0,0.0,0.0,0.0,0.0,0.0,0.0,0.0,0.0,0.0,0.0,2.0,2.0,0.0,0.0,0.0,0.0,1.0,0.0,0.0,43.0,255.0,1.0,0.0,0.02,0.05,0.0,0.0,0.0,0.0
0.0,1.0,156.0,4027.0,0.0,0.0,0.0,0.0,0.0,1.0,0.0,0.0,0.0,0.0,0.0,0.0,0.0,0.0,0.0,0.0,3.0,17.0,0.0,0.0,0.0,0.0,1.0,0.0,0.12,53.0,255.0,1.0,0.0,0.02,0.05,0.0,0.0,0.0,0.0
0.0,1.0,218.0,437.0,0.0,0.0,0.0,0.0,0.0,1.0,0.0,0.0,0.0,0.0,0.0,0.0,0.0,0.0,0.0,0.0,6.0,6.0,0.0,0.0,0.0,0.0,1.0,0.0,0.0,63.0,255.0,1.0,0.0,0.02,0.04,0.0,0.0,0.0,0.0
0.0,1.0,298.0,9442.0,0.0,0.0,0.0,0.0,0.0,1.0,0.0,0.0,0.0,0.0,0.0,0.0,0.0,0.0,0.0,0.0,4.0,4.0,0.0,0.0,0.0,0.0,1.0,0.0,0.0,73.0,255.0,1.0,0.0,0.01,0.04,0.0,0.0,0.0,0.0
0.0,1.0,257.0,4027.0,0.0,0.0,0.0,0.0,0.0,1.0,0.0,0.0,0.0,0.0,0.0,0.0,0.0,0.0,0.0,0.0,7.0,7.0,0.0,0.0,0.0,0.0,1.0,0.0,0.0,83.0,255.0,1.0,0.0,0.01,0.04,0.0,0.0,0.0,0.0
0.0,1.0,141.0,4027.0,0.0,0.0,0.0,0.0,0.0,1.0,0.0,0.0,0.0,0.0,0.0,0.0,0.0,0.0,0.0,0.0,1.0,1.0,0.0,0.0,0.0,0.0,1.0,0.0,0.0,93.0,255.0,1.0,0.0,0.01,0.04,0.0,0.0,0.0,0.0
0.0,1.0,213.0,261.0,0.0,0.0,0.0,0.0,0.0,1.0,0.0,0.0,0.0,0.0,0.0,0.0,0.0,0.0,0.0,0.0,1.0,1.0,0.0,0.0,0.0,0.0,1.0,0.0,0.0,103.0,255.0,1.0,0.0,0.01,0.04,0.0,0.0,0.0,0.0
0.0,1.0,284.0,43129.0,0.0,0.0,0.0,0.0,0.0,1.0,0.0,0.0,0.0,0.0,0.0,0.0,0.0,0.0,0.0,0.0,4.0,4.0,0.0,0.0,0.0,0.0,1.0,0.0,0.0,113.0,255.0,1.0,0.0,0.01,0.04,0.0,0.0,0.0,0.0
0.0,1.0,183.0,8654.0,0.0,0.0,0.0,0.0,0.0,1.0,0.0,0.0,0.0,0.0,0.0,0.0,0.0,0.0,0.0,0.0,4.0,4.0,0.25,0.25,0.0,0.0,1.0,0.0,0.0,123.0,255.0,1.0,0.0,0.01,0.04,0.01,0.0,0.0,0.0
0.0,1.0,191.0,3727.0,0.0,0.0,0.0,0.0,0.0,1.0,0.0,0.0,0.0,0.0,0.0,0.0,0.0,0.0,0.0,0.0,1.0,1.0,0.0,0.0,0.0,0.0,1.0,0.0,0.0,133.0,255.0,1.0,0.0,0.01,0.03,0.01,0.0,0.0,0.0
0.0,1.0,183.0,8654.0,0.0,0.0,0.0,0.0,0.0,1.0,0.0,0.0,0.0,0.0,0.0,0.0,0.0,0.0,0.0,0.0,4.0,4.0,0.0,0.0,0.0,0.0,1.0,0.0,0.0,143.0,255.0,1.0,0.0,0.01,0.03,0.01,0.0,0.0,0.0
0.0,1.0,207.0,6192.0,0.0,0.0,0.0,0.0,0.0,1.0,0.0,0.0,0.0,0.0,0.0,0.0,0.0,0.0,0.0,0.0,7.0,7.0,0.0,0.0,0.0,0.0,1.0,0.0,0.0,7.0,255.0,1.0,0.0,0.14,0.02,0.0,0.0,0.0,0.0
0.0,1.0,234.0,18000.0,0.0,0.0,0.0,0.0,0.0,1.0,0.0,0.0,0.0,0.0,0.0,0.0,0.0,0.0,0.0,0.0,3.0,3.0,0.0,0.0,0.0,0.0,1.0,0.0,0.0,17.0,255.0,1.0,0.0,0.06,0.02,0.0,0.0,0.0,0.0
0.0,1.0,297.0,5246.0,0.0,0.0,0.0,0.0,0.0,1.0,0.0,0.0,0.0,0.0,0.0,0.0,0.0,0.0,0.0,0.0,2.0,2.0,0.0,0.0,0.0,0.0,1.0,0.0,0.0,27.0,255.0,1.0,0.0,0.04,0.02,0.0,0.0,0.0,0.0
0.0,1.0,230.0,3512.0,0.0,0.0,0.0,0.0,0.0,1.0,0.0,0.0,0.0,0.0,0.0,0.0,0.0,0.0,0.0,0.0,3.0,3.0,0.0,0.0,0.0,0.0,1.0,0.0,0.0,3.0,255.0,1.0,0.0,0.33,0.02,0.0,0.0,0.0,0.0
0.0,1.0,288.0,1105.0,0.0,0.0,0.0,0.0,0.0,1.0,0.0,0.0,0.0,0.0,0.0,0.0,0.0,0.0,0.0,0.0,1.0,1.0,0.0,0.0,0.0,0.0,1.0,0.0,0.0,13.0,255.0,1.0,0.0,0.08,0.02,0.0,0.0,0.0,0.0
0.0,1.0,317.0,6333.0,0.0,0.0,0.0,0.0,0.0,1.0,0.0,0.0,0.0,0.0,0.0,0.0,0.0,0.0,0.0,0.0,8.0,8.0,0.0,0.0,0.0,0.0,1.0,0.0,0.0,23.0,255.0,1.0,0.0,0.04,0.02,0.0,0.0,0.0,0.0
0.0,1.0,342.0,11368.0,0.0,0.0,0.0,0.0,0.0,1.0,0.0,0.0,0.0,0.0,0.0,0.0,0.0,0.0,0.0,0.0,3.0,3.0,0.0,0.0,0.0,0.0,1.0,0.0,0.0,3.0,255.0,1.0,0.0,0.33,0.02,0.0,0.0,0.0,0.0
0.0,1.0,342.0,5401.0,0.0,0.0,0.0,0.0,0.0,1.0,0.0,0.0,0.0,0.0,0.0,0.0,0.0,0.0,0.0,0.0,13.0,13.0,0.0,0.0,0.0,0.0,1.0,0.0,0.0,13.0,255.0,1.0,0.0,0.08,0.02,0.0,0.0,0.0,0.0
0.0,1.0,339.0,10250.0,0.0,0.0,0.0,0.0,0.0,1.0,0.0,0.0,0.0,0.0,0.0,0.0,0.0,0.0,0.0,0.0,23.0,23.0,0.0,0.0,0.0,0.0,1.0,0.0,0.0,23.0,255.0,1.0,0.0,0.04,0.02,0.0,0.0,0.0,0.0
0.0,1.0,284.0,2810.0,0.0,0.0,0.0,0.0,0.0,1.0,0.0,0.0,0.0,0.0,0.0,0.0,0.0,0.0,0.0,0.0,1.0,1.0,0.0,0.0,0.0,0.0,1.0,0.0,0.0,1.0,255.0,1.0,0.0,1.0,0.04,0.0,0.0,0.0,0.0
0.0,1.0,208.0,471.0,0.0,0.0,0.0,0.0,0.0,1.0,0.0,0.0,0.0,0.0,0.0,0.0,0.0,0.0,0.0,0.0,8.0,8.0,0.0,0.0,0.0,0.0,1.0,0.0,0.0,8.0,255.0,1.0,0.0,0.12,0.04,0.0,0.0,0.0,0.0
0.0,1.0,198.0,471.0,0.0,0.0,0.0,0.0,0.0,1.0,0.0,0.0,0.0,0.0,0.0,0.0,0.0,0.0,0.0,0.0,3.0,6.0,0.0,0.0,0.0,0.0,1.0,0.0,0.33,18.0,255.0,1.0,0.0,0.06,0.03,0.0,0.0,0.0,0.0
0.0,1.0,208.0,15642.0,0.0,0.0,0.0,0.0,0.0,1.0,0.0,0.0,0.0,0.0,0.0,0.0,0.0,0.0,0.0,0.0,5.0,5.0,0.0,0.0,0.0,0.0,1.0,0.0,0.0,5.0,255.0,1.0,0.0,0.2,0.04,0.0,0.0,0.0,0.0
0.0,1.0,226.0,74301.0,0.0,0.0,0.0,0.0,0.0,1.0,0.0,0.0,0.0,0.0,0.0,0.0,0.0,0.0,0.0,0.0,4.0,4.0,0.0,0.0,0.0,0.0,1.0,0.0,0.0,15.0,255.0,1.0,0.0,0.07,0.04,0.0,0.0,0.0,0.0
0.0,1.0,284.0,2081.0,0.0,0.0,0.0,0.0,0.0,1.0,0.0,0.0,0.0,0.0,0.0,0.0,0.0,0.0,0.0,0.0,5.0,5.0,0.0,0.0,0.0,0.0,1.0,0.0,0.0,25.0,255.0,1.0,0.0,0.04,0.04,0.0,0.0,0.0,0.0
0.0,1.0,212.0,6107.0,0.0,0.0,0.0,0.0,0.0,1.0,0.0,0.0,0.0,0.0,0.0,0.0,0.0,0.0,0.0,0.0,7.0,7.0,0.0,0.0,0.0,0.0,1.0,0.0,0.0,35.0,255.0,1.0,0.0,0.03,0.04,0.0,0.0,0.0,0.0
0.0,1.0,198.0,2081.0,0.0,0.0,0.0,0.0,0.0,1.0,0.0,0.0,0.0,0.0,0.0,0.0,0.0,0.0,0.0,0.0,7.0,7.0,0.0,0.0,0.0,0.0,1.0,0.0,0.0,45.0,255.0,1.0,0.0,0.02,0.04,0.0,0.0,0.0,0.0
0.0,1.0,319.0,5036.0,0.0,0.0,0.0,0.0,0.0,1.0,0.0,0.0,0.0,0.0,0.0,0.0,0.0,0.0,0.0,0.0,1.0,1.0,0.0,0.0,0.0,0.0,1.0,0.0,0.0,1.0,255.0,1.0,0.0,1.0,0.04,0.0,0.01,0.0,0.0
0.0,1.0,285.0,25519.0,0.0,0.0,0.0,0.0,0.0,1.0,0.0,0.0,0.0,0.0,0.0,0.0,0.0,0.0,0.0,0.0,4.0,4.0,0.0,0.0,0.0,0.0,1.0,0.0,0.0,4.0,255.0,1.0,0.0,0.25,0.04,0.0,0.01,0.0,0.0
0.0,1.0,324.0,1875.0,0.0,0.0,0.0,0.0,0.0,1.0,0.0,0.0,0.0,0.0,0.0,0.0,0.0,0.0,0.0,0.0,2.0,2.0,0.0,0.0,0.0,0.0,1.0,0.0,0.0,14.0,255.0,1.0,0.0,0.07,0.04,0.0,0.01,0.0,0.0
0.0,1.0,322.0,1721.0,0.0,0.0,0.0,0.0,0.0,1.0,0.0,0.0,0.0,0.0,0.0,0.0,0.0,0.0,0.0,0.0,12.0,12.0,0.0,0.0,0.0,0.0,1.0,0.0,0.0,24.0,255.0,1.0,0.0,0.04,0.04,0.0,0.01,0.0,0.0
0.0,1.0,162.0,3253.0,0.0,0.0,0.0,0.0,0.0,1.0,0.0,0.0,0.0,0.0,0.0,0.0,0.0,0.0,0.0,0.0,1.0,1.0,0.0,0.0,0.0,0.0,1.0,0.0,0.0,34.0,255.0,1.0,0.0,0.03,0.04,0.0,0.01,0.0,0.0
0.0,1.0,233.0,1645.0,0.0,0.0,0.0,0.0,0.0,1.0,0.0,0.0,0.0,0.0,0.0,0.0,0.0,0.0,0.0,0.0,7.0,7.0,0.0,0.0,0.0,0.0,1.0,0.0,0.0,44.0,255.0,1.0,0.0,0.02,0.04,0.0,0.01,0.0,0.0
0.0,1.0,228.0,3798.0,0.0,0.0,0.0,0.0,0.0,1.0,0.0,0.0,0.0,0.0,0.0,0.0,0.0,0.0,0.0,0.0,2.0,2.0,0.0,0.0,0.0,0.0,1.0,0.0,0.0,54.0,255.0,1.0,0.0,0.02,0.04,0.0,0.0,0.0,0.0
0.0,1.0,233.0,1694.0,0.0,0.0,0.0,0.0,0.0,1.0,0.0,0.0,0.0,0.0,0.0,0.0,0.0,0.0,0.0,0.0,12.0,12.0,0.0,0.0,0.0,0.0,1.0,0.0,0.0,64.0,255.0,1.0,0.0,0.02,0.04,0.0,0.0,0.0,0.0
0.0,1.0,306.0,1721.0,0.0,0.0,0.0,0.0,0.0,1.0,0.0,0.0,0.0,0.0,0.0,0.0,0.0,0.0,0.0,0.0,5.0,5.0,0.0,0.0,0.0,0.0,1.0,0.0,0.0,74.0,255.0,1.0,0.0,0.01,0.04,0.0,0.0,0.0,0.0
0.0,1.0,285.0,25519.0,0.0,0.0,0.0,0.0,0.0,1.0,0.0,0.0,0.0,0.0,0.0,0.0,0.0,0.0,0.0,0.0,2.0,2.0,0.0,0.0,0.0,0.0,1.0,0.0,0.0,84.0,255.0,1.0,0.0,0.01,0.04,0.0,0.0,0.0,0.0
0.0,1.0,309.0,909.0,0.0,0.0,0.0,0.0,0.0,1.0,0.0,0.0,0.0,0.0,0.0,0.0,0.0,0.0,0.0,0.0,8.0,8.0,0.0,0.0,0.0,0.0,1.0,0.0,0.0,94.0,255.0,1.0,0.0,0.01,0.04,0.0,0.0,0.0,0.0
0.0,1.0,297.0,1645.0,0.0,0.0,0.0,0.0,0.0,1.0,0.0,0.0,0.0,0.0,0.0,0.0,0.0,0.0,0.0,0.0,3.0,3.0,0.0,0.0,0.0,0.0,1.0,0.0,0.0,104.0,255.0,1.0,0.0,0.01,0.04,0.0,0.0,0.0,0.0
0.0,1.0,295.0,1680.0,0.0,0.0,0.0,0.0,0.0,1.0,0.0,0.0,0.0,0.0,0.0,0.0,0.0,0.0,0.0,0.0,13.0,13.0,0.0,0.0,0.0,0.0,1.0,0.0,0.0,114.0,255.0,1.0,0.0,0.01,0.04,0.0,0.0,0.0,0.0
0.0,1.0,253.0,1680.0,0.0,0.0,0.0,0.0,0.0,1.0,0.0,0.0,0.0,0.0,0.0,0.0,0.0,0.0,0.0,0.0,2.0,5.0,0.0,0.0,0.0,0.0,1.0,0.0,0.4,124.0,255.0,1.0,0.0,0.01,0.04,0.0,0.0,0.0,0.0
0.0,1.0,257.0,1695.0,0.0,0.0,0.0,0.0,0.0,1.0,0.0,0.0,0.0,0.0,0.0,0.0,0.0,0.0,0.0,0.0,12.0,15.0,0.0,0.0,0.0,0.0,1.0,0.0,0.13,134.0,255.0,1.0,0.0,0.01,0.04,0.0,0.0,0.0,0.0
0.0,1.0,229.0,1484.0,0.0,0.0,0.0,0.0,0.0,1.0,0.0,0.0,0.0,0.0,0.0,0.0,0.0,0.0,0.0,0.0,1.0,1.0,0.0,0.0,0.0,0.0,1.0,0.0,0.0,144.0,255.0,1.0,0.0,0.01,0.03,0.0,0.0,0.0,0.0
0.0,1.0,234.0,1713.0,0.0,0.0,0.0,0.0,0.0,1.0,0.0,0.0,0.0,0.0,0.0,0.0,0.0,0.0,0.0,0.0,11.0,11.0,0.0,0.0,0.0,0.0,1.0,0.0,0.0,154.0,255.0,1.0,0.0,0.01,0.03,0.0,0.0,0.0,0.0
0.0,1.0,219.0,1651.0,0.0,0.0,0.0,0.0,0.0,1.0,0.0,0.0,0.0,0.0,0.0,0.0,0.0,0.0,0.0,0.0,4.0,6.0,0.0,0.0,0.0,0.0,1.0,0.0,0.33,164.0,255.0,1.0,0.0,0.01,0.03,0.0,0.0,0.0,0.0
0.0,1.0,212.0,24572.0,0.0,0.0,0.0,0.0,0.0,1.0,0.0,0.0,0.0,0.0,0.0,0.0,0.0,0.0,0.0,0.0,1.0,1.0,0.0,0.0,0.0,0.0,1.0,0.0,0.0,174.0,255.0,1.0,0.0,0.01,0.02,0.0,0.0,0.0,0.0
0.0,1.0,236.0,1680.0,0.0,0.0,0.0,0.0,0.0,1.0,0.0,0.0,0.0,0.0,0.0,0.0,0.0,0.0,0.0,0.0,3.0,3.0,0.0,0.0,0.0,0.0,1.0,0.0,0.0,184.0,255.0,1.0,0.0,0.01,0.02,0.0,0.0,0.0,0.0
0.0,1.0,234.0,1651.0,0.0,0.0,0.0,0.0,0.0,1.0,0.0,0.0,0.0,0.0,0.0,0.0,0.0,0.0,0.0,0.0,13.0,13.0,0.0,0.0,0.0,0.0,1.0,0.0,0.0,194.0,255.0,1.0,0.0,0.01,0.01,0.0,0.0,0.0,0.0
0.0,1.0,223.0,1719.0,0.0,0.0,0.0,0.0,0.0,1.0,0.0,0.0,0.0,0.0,0.0,0.0,0.0,0.0,0.0,0.0,10.0,10.0,0.0,0.0,0.0,0.0,1.0,0.0,0.0,204.0,255.0,1.0,0.0,0.0,0.01,0.0,0.0,0.0,0.0
0.0,1.0,232.0,1721.0,0.0,0.0,0.0,0.0,0.0,1.0,0.0,0.0,0.0,0.0,0.0,0.0,0.0,0.0,0.0,0.0,7.0,7.0,0.0,0.0,0.0,0.0,1.0,0.0,0.0,214.0,255.0,1.0,0.0,0.0,0.01,0.0,0.0,0.0,0.0
0.0,1.0,247.0,1680.0,0.0,0.0,0.0,0.0,0.0,1.0,0.0,0.0,0.0,0.0,0.0,0.0,0.0,0.0,0.0,0.0,2.0,2.0,0.0,0.0,0.0,0.0,1.0,0.0,0.0,224.0,255.0,1.0,0.0,0.0,0.01,0.0,0.0,0.0,0.0
0.0,1.0,246.0,1694.0,0.0,0.0,0.0,0.0,0.0,1.0,0.0,0.0,0.0,0.0,0.0,0.0,0.0,0.0,0.0,0.0,12.0,12.0,0.0,0.0,0.0,0.0,1.0,0.0,0.0,234.0,255.0,1.0,0.0,0.0,0.01,0.0,0.0,0.0,0.0
0.0,1.0,259.0,1108.0,0.0,0.0,0.0,0.0,0.0,1.0,0.0,0.0,0.0,0.0,0.0,0.0,0.0,0.0,0.0,0.0,9.0,9.0,0.0,0.0,0.0,0.0,1.0,0.0,0.0,244.0,255.0,1.0,0.0,0.0,0.01,0.0,0.0,0.0,0.0
0.0,1.0,163.0,3253.0,0.0,0.0,0.0,0.0,0.0,1.0,0.0,0.0,0.0,0.0,0.0,0.0,0.0,0.0,0.0,0.0,1.0,1.0,0.0,0.0,0.0,0.0,1.0,0.0,0.0,254.0,255.0,1.0,0.0,0.0,0.01,0.0,0.0,0.0,0.0
0.0,1.0,231.0,1718.0,0.0,0.0,0.0,0.0,0.0,1.0,0.0,0.0,0.0,0.0,0.0,0.0,0.0,0.0,0.0,0.0,7.0,7.0,0.0,0.0,0.0,0.0,1.0,0.0,0.0,255.0,255.0,1.0,0.0,0.0,0.0,0.0,0.0,0.0,0.0
0.0,1.0,212.0,24572.0,0.0,0.0,0.0,0.0,0.0,1.0,0.0,0.0,0.0,0.0,0.0,0.0,0.0,0.0,0.0,0.0,2.0,2.0,0.0,0.0,0.0,0.0,1.0,0.0,0.0,255.0,255.0,1.0,0.0,0.0,0.0,0.0,0.0,0.0,0.0
0.0,1.0,247.0,1719.0,0.0,0.0,0.0,0.0,0.0,1.0,0.0,0.0,0.0,0.0,0.0,0.0,0.0,0.0,0.0,0.0,8.0,8.0,0.0,0.0,0.0,0.0,1.0,0.0,0.0,255.0,255.0,1.0,0.0,0.0,0.0,0.0,0.0,0.0,0.0
0.0,1.0,334.0,1718.0,0.0,0.0,0.0,0.0,0.0,1.0,0.0,0.0,0.0,0.0,0.0,0.0,0.0,0.0,0.0,0.0,1.0,1.0,0.0,0.0,0.0,0.0,1.0,0.0,0.0,255.0,255.0,1.0,0.0,0.0,0.0,0.0,0.0,0.0,0.0
0.0,1.0,335.0,1680.0,0.0,0.0,0.0,0.0,0.0,1.0,0.0,0.0,0.0,0.0,0.0,0.0,0.0,0.0,0.0,0.0,11.0,11.0,0.0,0.0,0.0,0.0,1.0,0.0,0.0,255.0,255.0,1.0,0.0,0.0,0.0,0.0,0.0,0.0,0.0
0.0,1.0,277.0,4183.0,0.0,0.0,0.0,0.0,0.0,1.0,0.0,0.0,0.0,0.0,0.0,0.0,0.0,0.0,0.0,0.0,4.0,4.0,0.0,0.0,0.0,0.0,1.0,0.0,0.0,255.0,255.0,1.0,0.0,0.0,0.0,0.0,0.0,0.0,0.0
0.0,1.0,331.0,1694.0,0.0,0.0,0.0,0.0,0.0,1.0,0.0,0.0,0.0,0.0,0.0,0.0,0.0,0.0,0.0,0.0,14.0,14.0,0.0,0.0,0.0,0.0,1.0,0.0,0.0,255.0,255.0,1.0,0.0,0.0,0.0,0.0,0.0,0.0,0.0
0.0,1.0,323.0,1680.0,0.0,0.0,0.0,0.0,0.0,1.0,0.0,0.0,0.0,0.0,0.0,0.0,0.0,0.0,0.0,0.0,9.0,9.0,0.0,0.0,0.0,0.0,1.0,0.0,0.0,255.0,255.0,1.0,0.0,0.0,0.0,0.0,0.0,0.0,0.0
0.0,1.0,212.0,25519.0,0.0,0.0,0.0,0.0,0.0,1.0,0.0,0.0,0.0,0.0,0.0,0.0,0.0,0.0,0.0,0.0,2.0,2.0,0.0,0.0,0.0,0.0,1.0,0.0,0.0,255.0,255.0,1.0,0.0,0.0,0.0,0.0,0.0,0.0,0.0
0.0,1.0,297.0,1695.0,0.0,0.0,0.0,0.0,0.0,1.0,0.0,0.0,0.0,0.0,0.0,0.0,0.0,0.0,0.0,0.0,8.0,8.0,0.0,0.0,0.0,0.0,1.0,0.0,0.0,255.0,255.0,1.0,0.0,0.0,0.0,0.0,0.0,0.0,0.0
0.0,1.0,287.0,4479.0,0.0,0.0,0.0,0.0,0.0,1.0,0.0,0.0,0.0,0.0,0.0,0.0,0.0,0.0,0.0,0.0,1.0,1.0,0.0,0.0,0.0,0.0,1.0,0.0,0.0,255.0,255.0,1.0,0.0,0.0,0.0,0.0,0.0,0.0,0.0
0.0,1.0,300.0,1651.0,0.0,0.0,0.0,0.0,0.0,1.0,0.0,0.0,0.0,0.0,0.0,0.0,0.0,0.0,0.0,0.0,11.0,11.0,0.0,0.0,0.0,0.0,1.0,0.0,0.0,255.0,255.0,1.0,0.0,0.0,0.0,0.0,0.0,0.0,0.0
0.0,1.0,292.0,1719.0,0.0,0.0,0.0,0.0,0.0,1.0,0.0,0.0,0.0,0.0,0.0,0.0,0.0,0.0,0.0,0.0,8.0,8.0,0.0,0.0,0.0,0.0,1.0,0.0,0.0,255.0,255.0,1.0,0.0,0.0,0.0,0.0,0.0,0.0,0.0
0.0,1.0,318.0,1680.0,0.0,0.0,0.0,0.0,0.0,1.0,0.0,0.0,0.0,0.0,0.0,0.0,0.0,0.0,0.0,0.0,5.0,18.0,0.0,0.0,0.0,0.0,1.0,0.0,0.11,255.0,255.0,1.0,0.0,0.0,0.0,0.0,0.0,0.0,0.0
0.0,1.0,211.0,24572.0,0.0,0.0,0.0,0.0,0.0,1.0,0.0,0.0,0.0,0.0,0.0,0.0,0.0,0.0,0.0,0.0,2.0,2.0,0.0,0.0,0.0,0.0,1.0,0.0,0.0,255.0,255.0,1.0,0.0,0.0,0.0,0.0,0.0,0.0,0.0
0.0,1.0,233.0,1719.0,0.0,0.0,0.0,0.0,0.0,1.0,0.0,0.0,0.0,0.0,0.0,0.0,0.0,0.0,0.0,0.0,8.0,8.0,0.0,0.0,0.0,0.0,1.0,0.0,0.0,255.0,255.0,1.0,0.0,0.0,0.0,0.0,0.0,0.0,0.0
0.0,1.0,222.0,1651.0,0.0,0.0,0.0,0.0,0.0,1.0,0.0,0.0,0.0,0.0,0.0,0.0,0.0,0.0,0.0,0.0,1.0,1.0,0.0,0.0,0.0,0.0,1.0,0.0,0.0,255.0,255.0,1.0,0.0,0.0,0.0,0.0,0.0,0.0,0.0
0.0,1.0,218.0,1484.0,0.0,0.0,0.0,0.0,0.0,1.0,0.0,0.0,0.0,0.0,0.0,0.0,0.0,0.0,0.0,0.0,11.0,11.0,0.0,0.0,0.0,0.0,1.0,0.0,0.0,255.0,255.0,1.0,0.0,0.0,0.0,0.0,0.0,0.0,0.0
0.0,1.0,235.0,1718.0,0.0,0.0,0.0,0.0,0.0,1.0,0.0,0.0,0.0,0.0,0.0,0.0,0.0,0.0,0.0,0.0,8.0,27.0,0.0,0.0,0.0,0.0,1.0,0.0,0.07,255.0,255.0,1.0,0.0,0.0,0.0,0.0,0.0,0.0,0.0
0.0,1.0,232.0,1719.0,0.0,0.0,0.0,0.0,0.0,1.0,0.0,0.0,0.0,0.0,0.0,0.0,0.0,0.0,0.0,0.0,5.0,5.0,0.0,0.0,0.0,0.0,1.0,0.0,0.0,255.0,255.0,1.0,0.0,0.0,0.0,0.0,0.0,0.0,0.0
0.0,1.0,232.0,1721.0,0.0,0.0,0.0,0.0,0.0,1.0,0.0,0.0,0.0,0.0,0.0,0.0,0.0,0.0,0.0,0.0,15.0,15.0,0.0,0.0,0.0,0.0,1.0,0.0,0.0,255.0,255.0,1.0,0.0,0.0,0.0,0.0,0.0,0.0,0.0
0.0,1.0,246.0,1718.0,0.0,0.0,0.0,0.0,0.0,1.0,0.0,0.0,0.0,0.0,0.0,0.0,0.0,0.0,0.0,0.0,10.0,12.0,0.0,0.0,0.0,0.0,1.0,0.0,0.25,255.0,255.0,1.0,0.0,0.0,0.0,0.0,0.0,0.0,0.0
0.0,1.0,218.0,1484.0,0.0,0.0,0.0,0.0,0.0,1.0,0.0,0.0,0.0,0.0,0.0,0.0,0.0,0.0,0.0,0.0,7.0,7.0,0.0,0.0,0.0,0.0,1.0,0.0,0.0,255.0,255.0,1.0,0.0,0.0,0.0,0.0,0.0,0.0,0.0
0.0,1.0,222.0,1651.0,0.0,0.0,0.0,0.0,0.0,1.0,0.0,0.0,0.0,0.0,0.0,0.0,0.0,0.0,0.0,0.0,4.0,4.0,0.0,0.0,0.0,0.0,1.0,0.0,0.0,255.0,255.0,1.0,0.0,0.0,0.0,0.0,0.0,0.0,0.0
0.0,1.0,215.0,1108.0,0.0,0.0,0.0,0.0,0.0,1.0,0.0,0.0,0.0,0.0,0.0,0.0,0.0,0.0,0.0,0.0,1.0,1.0,0.0,0.0,0.0,0.0,1.0,0.0,0.0,255.0,255.0,1.0,0.0,0.0,0.0,0.0,0.0,0.0,0.0
0.0,1.0,216.0,1645.0,0.0,0.0,0.0,0.0,0.0,1.0,0.0,0.0,0.0,0.0,0.0,0.0,0.0,0.0,0.0,0.0,3.0,8.0,0.0,0.0,0.0,0.0,1.0,0.0,0.5,255.0,255.0,1.0,0.0,0.0,0.0,0.0,0.0,0.0,0.0
0.0,1.0,213.0,1694.0,0.0,0.0,0.0,0.0,0.0,1.0,0.0,0.0,0.0,0.0,0.0,0.0,0.0,0.0,0.0,0.0,13.0,18.0,0.0,0.0,0.0,0.0,1.0,0.0,0.22,255.0,255.0,1.0,0.0,0.0,0.0,0.0,0.0,0.0,0.0
0.0,1.0,243.0,1719.0,0.0,0.0,0.0,0.0,0.0,1.0,0.0,0.0,0.0,0.0,0.0,0.0,0.0,0.0,0.0,0.0,6.0,24.0,0.0,0.0,0.0,0.0,1.0,0.0,0.08,255.0,255.0,1.0,0.0,0.0,0.0,0.0,0.0,0.0,0.0
0.0,1.0,147.0,3253.0,0.0,0.0,0.0,0.0,0.0,1.0,0.0,0.0,0.0,0.0,0.0,0.0,0.0,0.0,0.0,0.0,3.0,3.0,0.0,0.0,0.0,0.0,1.0,0.0,0.0,255.0,255.0,1.0,0.0,0.0,0.0,0.0,0.0,0.0,0.0
0.0,1.0,182.0,4023.0,0.0,0.0,0.0,0.0,0.0,1.0,0.0,0.0,0.0,0.0,0.0,0.0,0.0,0.0,0.0,0.0,9.0,9.0,0.0,0.0,0.0,0.0,1.0,0.0,0.0,255.0,255.0,1.0,0.0,0.0,0.0,0.0,0.0,0.0,0.0
0.0,1.0,195.0,24572.0,0.0,0.0,0.0,0.0,0.0,1.0,0.0,0.0,0.0,0.0,0.0,0.0,0.0,0.0,0.0,0.0,2.0,2.0,0.0,0.0,0.0,0.0,1.0,0.0,0.0,255.0,255.0,1.0,0.0,0.0,0.0,0.0,0.0,0.0,0.0
0.0,1.0,3366.0,329.0,0.0,0.0,0.0,0.0,0.0,1.0,0.0,0.0,0.0,0.0,0.0,0.0,0.0,0.0,0.0,0.0,1.0,1.0,0.0,0.0,0.0,0.0,1.0,0.0,0.0,8.0,7.0,0.88,0.25,0.12,0.0,0.0,0.0,0.0,0.0
0.0,1.0,1666.0,328.0,0.0,0.0,0.0,0.0,0.0,1.0,0.0,0.0,0.0,0.0,0.0,0.0,0.0,0.0,0.0,0.0,1.0,1.0,0.0,0.0,0.0,0.0,1.0,0.0,0.0,18.0,12.0,0.67,0.17,0.06,0.0,0.0,0.0,0.0,0.0
0.0,1.0,751.0,279.0,0.0,0.0,0.0,0.0,0.0,1.0,0.0,0.0,0.0,0.0,0.0,0.0,0.0,0.0,0.0,0.0,1.0,1.0,0.0,0.0,0.0,0.0,1.0,0.0,0.0,28.0,19.0,0.68,0.14,0.04,0.0,0.0,0.0,0.0,0.0
0.0,1.0,9.0,140.0,0.0,0.0,0.0,0.0,0.0,0.0,0.0,0.0,0.0,0.0,0.0,0.0,0.0,0.0,0.0,0.0,1.0,1.0,0.0,0.0,0.0,0.0,1.0,0.0,0.0,38.0,5.0,0.13,0.11,0.03,0.0,0.0,0.0,0.0,0.0
0.0,1.0,620.0,329.0,0.0,0.0,0.0,0.0,0.0,1.0,0.0,0.0,0.0,0.0,0.0,0.0,0.0,0.0,0.0,0.0,1.0,2.0,0.0,0.0,0.0,0.0,1.0,0.0,1.0,48.0,26.0,0.54,0.1,0.02,0.0,0.0,0.0,0.0,0.0
0.0,1.0,805.0,327.0,0.0,0.0,0.0,0.0,0.0,1.0,0.0,0.0,0.0,0.0,0.0,0.0,0.0,0.0,0.0,0.0,2.0,2.0,0.0,0.0,0.0,0.0,1.0,0.0,0.0,58.0,35.0,0.6,0.09,0.02,0.0,0.0,0.0,0.0,0.0
0.0,1.0,842.0,279.0,0.0,0.0,0.0,0.0,0.0,1.0,0.0,0.0,0.0,0.0,0.0,0.0,0.0,0.0,0.0,0.0,2.0,1.0,0.0,0.0,0.0,0.0,0.5,1.0,0.0,68.0,41.0,0.6,0.07,0.01,0.0,0.0,0.0,0.0,0.0
0.0,2.0,33.0,0.0,0.0,0.0,0.0,0.0,0.0,0.0,0.0,0.0,0.0,0.0,0.0,0.0,0.0,0.0,0.0,0.0,1.0,2.0,0.0,0.0,0.0,0.0,1.0,0.0,1.0,78.0,14.0,0.18,0.06,0.18,0.0,0.0,0.0,0.0,0.0
0.0,2.0,30.0,0.0,0.0,0.0,0.0,0.0,0.0,0.0,0.0,0.0,0.0,0.0,0.0,0.0,0.0,0.0,0.0,0.0,1.0,1.0,0.0,0.0,0.0,0.0,1.0,0.0,0.0,88.0,15.0,0.17,0.06,0.17,0.0,0.0,0.0,0.0,0.0
0.0,1.0,1375.0,328.0,0.0,0.0,0.0,0.0,0.0,1.0,0.0,0.0,0.0,0.0,0.0,0.0,0.0,0.0,0.0,0.0,1.0,1.0,0.0,0.0,0.0,0.0,1.0,0.0,0.0,98.0,64.0,0.65,0.05,0.01,0.0,0.0,0.0,0.0,0.0
1.0,1.0,1550.0,326.0,0.0,0.0,0.0,0.0,0.0,1.0,0.0,0.0,0.0,0.0,0.0,0.0,0.0,0.0,0.0,0.0,1.0,3.0,0.0,0.0,0.0,0.0,1.0,0.0,1.0,108.0,72.0,0.67,0.05,0.01,0.0,0.0,0.0,0.0,0.0
0.0,2.0,30.0,0.0,0.0,0.0,0.0,0.0,0.0,0.0,0.0,0.0,0.0,0.0,0.0,0.0,0.0,0.0,0.0,0.0,1.0,4.0,0.0,0.0,0.0,0.0,1.0,0.0,0.75,118.0,21.0,0.18,0.04,0.18,0.0,0.0,0.0,0.0,0.0
0.0,1.0,1254.0,323.0,0.0,0.0,0.0,0.0,0.0,1.0,0.0,0.0,0.0,0.0,0.0,0.0,0.0,0.0,0.0,0.0,1.0,1.0,0.0,0.0,0.0,0.0,1.0,0.0,0.0,5.0,82.0,0.8,0.4,0.2,0.02,0.0,0.0,0.0,0.0
0.0,2.0,31.0,0.0,0.0,0.0,0.0,0.0,0.0,0.0,0.0,0.0,0.0,0.0,0.0,0.0,0.0,0.0,0.0,0.0,1.0,2.0,0.0,0.0,0.0,0.0,1.0,0.0,1.0,15.0,26.0,0.27,0.2,0.27,0.08,0.0,0.0,0.0,0.0
0.0,1.0,2753.0,280.0,0.0,0.0,0.0,0.0,0.0,1.0,0.0,0.0,0.0,0.0,0.0,0.0,0.0,0.0,0.0,0.0,1.0,1.0,0.0,0.0,0.0,0.0,1.0,0.0,0.0,25.0,95.0,0.68,0.16,0.04,0.02,0.0,0.0,0.0,0.0
0.0,1.0,9.0,35.0,0.0,0.0,0.0,0.0,0.0,1.0,0.0,0.0,0.0,0.0,0.0,0.0,0.0,0.0,0.0,0.0,3.0,1.0,0.0,0.0,0.0,0.0,0.33,0.67,0.0,35.0,12.0,0.11,0.11,0.03,0.17,0.0,0.0,0.0,0.0
0.0,1.0,1504.0,328.0,0.0,0.0,0.0,0.0,0.0,1.0,0.0,0.0,0.0,0.0,0.0,0.0,0.0,0.0,0.0,0.0,1.0,1.0,0.0,0.0,0.0,0.0,1.0,0.0,0.0,45.0,104.0,0.58,0.11,0.02,0.02,0.0,0.0,0.0,0.0
0.0,1.0,523.0,277.0,0.0,0.0,0.0,0.0,0.0,1.0,0.0,0.0,0.0,0.0,0.0,0.0,0.0,0.0,0.0,0.0,1.0,1.0,0.0,0.0,0.0,0.0,1.0,0.0,0.0,55.0,108.0,0.55,0.09,0.02,0.02,0.0,0.0,0.0,0.0
0.0,2.0,33.0,0.0,0.0,0.0,0.0,0.0,0.0,0.0,0.0,0.0,0.0,0.0,0.0,0.0,0.0,0.0,0.0,0.0,1.0,2.0,0.0,0.0,0.0,0.0,1.0,0.0,1.0,65.0,35.0,0.2,0.08,0.2,0.06,0.0,0.0,0.0,0.0
0.0,1.0,683.0,330.0,0.0,0.0,0.0,0.0,0.0,1.0,0.0,0.0,0.0,0.0,0.0,0.0,0.0,0.0,0.0,0.0,1.0,1.0,0.0,0.0,0.0,0.0,1.0,0.0,0.0,75.0,118.0,0.53,0.07,0.01,0.02,0.0,0.0,0.0,0.0
0.0,2.0,31.0,0.0,0.0,0.0,0.0,0.0,0.0,0.0,0.0,0.0,0.0,0.0,0.0,0.0,0.0,0.0,0.0,0.0,1.0,4.0,0.0,0.0,0.0,0.0,1.0,0.0,0.75,85.0,41.0,0.22,0.06,0.22,0.05,0.0,0.0,0.0,0.0
0.0,1.0,9.0,37.0,0.0,0.0,0.0,0.0,0.0,1.0,0.0,0.0,0.0,0.0,0.0,0.0,0.0,0.0,0.0,0.0,2.0,1.0,0.0,0.0,0.0,0.0,0.5,1.0,0.0,95.0,17.0,0.09,0.05,0.01,0.12,0.0,0.0,0.0,0.0
0.0,1.0,223.0,1415.0,0.0,0.0,0.0,0.0,0.0,1.0,0.0,0.0,0.0,0.0,0.0,0.0,0.0,0.0,0.0,0.0,6.0,6.0,0.0,0.0,0.0,0.0,1.0,0.0,0.0,6.0,33.0,1.0,0.0,0.17,0.06,0.0,0.0,0.0,0.0
0.0,1.0,287.0,12884.0,0.0,0.0,0.0,0.0,0.0,1.0,0.0,0.0,0.0,0.0,0.0,0.0,0.0,0.0,0.0,0.0,5.0,9.0,0.0,0.0,0.0,0.0,1.0,0.0,0.33,16.0,33.0,1.0,0.0,0.06,0.06,0.0,0.0,0.0,0.0
0.0,1.0,161.0,13187.0,0.0,0.0,0.0,0.0,0.0,1.0,0.0,0.0,0.0,0.0,0.0,0.0,0.0,0.0,0.0,0.0,1.0,13.0,0.0,0.0,0.0,0.0,1.0,0.0,0.15,26.0,33.0,1.0,0.0,0.04,0.06,0.0,0.0,0.0,0.0
0.0,1.0,224.0,12884.0,0.0,0.0,0.0,0.0,0.0,1.0,0.0,0.0,0.0,0.0,0.0,0.0,0.0,0.0,0.0,0.0,11.0,23.0,0.0,0.0,0.0,0.0,1.0,0.0,0.09,36.0,36.0,1.0,0.0,0.03,0.0,0.0,0.0,0.0,0.0
0.0,1.0,296.0,1415.0,0.0,0.0,0.0,0.0,0.0,1.0,0.0,0.0,0.0,0.0,0.0,0.0,0.0,0.0,0.0,0.0,2.0,2.0,0.0,0.0,0.0,0.0,1.0,0.0,0.0,46.0,46.0,1.0,0.0,0.02,0.0,0.0,0.0,0.0,0.0
0.0,1.0,284.0,1227.0,0.0,0.0,0.0,0.0,0.0,1.0,0.0,0.0,0.0,0.0,0.0,0.0,0.0,0.0,0.0,0.0,5.0,5.0,0.0,0.0,0.0,0.0,1.0,0.0,0.0,56.0,56.0,1.0,0.0,0.02,0.0,0.0,0.0,0.0,0.0
0.0,1.0,296.0,1227.0,0.0,0.0,0.0,0.0,0.0,1.0,0.0,0.0,0.0,0.0,0.0,0.0,0.0,0.0,0.0,0.0,8.0,8.0,0.0,0.0,0.0,0.0,1.0,0.0,0.0,66.0,66.0,1.0,0.0,0.02,0.0,0.0,0.0,0.0,0.0
0.0,1.0,246.0,11889.0,0.0,0.0,0.0,0.0,0.0,1.0,0.0,0.0,0.0,0.0,0.0,0.0,0.0,0.0,0.0,0.0,7.0,7.0,0.0,0.0,0.0,0.0,1.0,0.0,0.0,76.0,76.0,1.0,0.0,0.01,0.0,0.0,0.0,0.0,0.0
0.0,1.0,216.0,2531.0,0.0,0.0,0.0,0.0,0.0,1.0,0.0,0.0,0.0,0.0,0.0,0.0,0.0,0.0,0.0,0.0,2.0,2.0,0.0,0.0,0.0,0.0,1.0,0.0,0.0,86.0,86.0,1.0,0.0,0.01,0.0,0.0,0.0,0.0,0.0
0.0,1.0,216.0,12884.0,0.0,0.0,0.0,0.0,0.0,1.0,0.0,0.0,0.0,0.0,0.0,0.0,0.0,0.0,0.0,0.0,11.0,11.0,0.0,0.0,0.0,0.0,1.0,0.0,0.0,96.0,96.0,1.0,0.0,0.01,0.0,0.0,0.0,0.0,0.0
0.0,1.0,325.0,2531.0,0.0,0.0,0.0,0.0,0.0,1.0,0.0,0.0,0.0,0.0,0.0,0.0,0.0,0.0,0.0,0.0,10.0,14.0,0.0,0.0,0.0,0.0,1.0,0.0,0.14,106.0,106.0,1.0,0.0,0.01,0.0,0.0,0.0,0.0,0.0
0.0,1.0,274.0,11889.0,0.0,0.0,0.0,0.0,0.0,1.0,0.0,0.0,0.0,0.0,0.0,0.0,0.0,0.0,0.0,0.0,8.0,10.0,0.0,0.0,0.0,0.0,1.0,0.0,0.2,116.0,116.0,1.0,0.0,0.01,0.0,0.0,0.0,0.0,0.0
0.0,1.0,155.0,4145.0,0.0,0.0,0.0,0.0,0.0,1.0,0.0,0.0,0.0,0.0,0.0,0.0,0.0,0.0,0.0,0.0,7.0,42.0,0.0,0.0,0.0,0.0,1.0,0.0,0.07,126.0,126.0,1.0,0.0,0.01,0.0,0.0,0.0,0.0,0.0
0.0,1.0,173.0,11889.0,0.0,0.0,0.0,0.0,0.0,1.0,0.0,0.0,0.0,0.0,0.0,0.0,0.0,0.0,0.0,0.0,6.0,6.0,0.0,0.0,0.0,0.0,1.0,0.0,0.0,136.0,136.0,1.0,0.0,0.01,0.0,0.0,0.0,0.0,0.0
0.0,1.0,244.0,11889.0,0.0,0.0,0.0,0.0,0.0,1.0,0.0,0.0,0.0,0.0,0.0,0.0,0.0,0.0,0.0,0.0,5.0,14.0,0.0,0.0,0.0,0.0,1.0,0.0,0.21,146.0,146.0,1.0,0.0,0.01,0.0,0.0,0.0,0.0,0.0
0.0,1.0,214.0,12884.0,0.0,0.0,0.0,0.0,0.0,1.0,0.0,0.0,0.0,0.0,0.0,0.0,0.0,0.0,0.0,0.0,2.0,2.0,0.0,0.0,0.0,0.0,1.0,0.0,0.0,156.0,156.0,1.0,0.0,0.01,0.0,0.0,0.0,0.0,0.0
0.0,1.0,224.0,2531.0,0.0,0.0,0.0,0.0,0.0,1.0,0.0,0.0,0.0,0.0,0.0,0.0,0.0,0.0,0.0,0.0,2.0,3.0,0.0,0.0,0.0,0.0,1.0,0.0,0.67,166.0,166.0,1.0,0.0,0.01,0.0,0.0,0.0,0.0,0.0
0.0,1.0,325.0,12884.0,0.0,0.0,0.0,0.0,0.0,1.0,0.0,0.0,0.0,0.0,0.0,0.0,0.0,0.0,0.0,0.0,9.0,9.0,0.0,0.0,0.0,0.0,1.0,0.0,0.0,176.0,176.0,1.0,0.0,0.01,0.0,0.0,0.0,0.0,0.0
0.0,1.0,272.0,4145.0,0.0,0.0,0.0,0.0,0.0,1.0,0.0,0.0,0.0,0.0,0.0,0.0,0.0,0.0,0.0,0.0,6.0,6.0,0.0,0.0,0.0,0.0,1.0,0.0,0.0,186.0,186.0,1.0,0.0,0.01,0.0,0.0,0.0,0.0,0.0
0.0,1.0,286.0,1415.0,0.0,0.0,0.0,0.0,0.0,1.0,0.0,0.0,0.0,0.0,0.0,0.0,0.0,0.0,0.0,0.0,5.0,5.0,0.0,0.0,0.0,0.0,1.0,0.0,0.0,196.0,196.0,1.0,0.0,0.01,0.0,0.0,0.0,0.0,0.0
0.0,1.0,273.0,3711.0,0.0,0.0,0.0,0.0,0.0,1.0,0.0,0.0,0.0,0.0,0.0,0.0,0.0,0.0,0.0,0.0,1.0,1.0,0.0,0.0,0.0,0.0,1.0,0.0,0.0,206.0,206.0,1.0,0.0,0.0,0.0,0.0,0.0,0.0,0.0
0.0,1.0,212.0,2531.0,0.0,0.0,0.0,0.0,0.0,1.0,0.0,0.0,0.0,0.0,0.0,0.0,0.0,0.0,0.0,0.0,10.0,10.0,0.0,0.0,0.0,0.0,1.0,0.0,0.0,216.0,216.0,1.0,0.0,0.0,0.0,0.0,0.0,0.0,0.0
0.0,1.0,246.0,11889.0,0.0,0.0,0.0,0.0,0.0,1.0,0.0,0.0,0.0,0.0,0.0,0.0,0.0,0.0,0.0,0.0,6.0,6.0,0.0,0.0,0.0,0.0,1.0,0.0,0.0,226.0,226.0,1.0,0.0,0.0,0.0,0.0,0.0,0.0,0.0
0.0,1.0,224.0,12884.0,0.0,0.0,0.0,0.0,0.0,1.0,0.0,0.0,0.0,0.0,0.0,0.0,0.0,0.0,0.0,0.0,5.0,22.0,0.0,0.0,0.0,0.0,1.0,0.0,0.09,236.0,236.0,1.0,0.0,0.0,0.0,0.0,0.0,0.0,0.0
0.0,1.0,198.0,12884.0,0.0,0.0,0.0,0.0,0.0,1.0,0.0,0.0,0.0,0.0,0.0,0.0,0.0,0.0,0.0,0.0,4.0,4.0,0.0,0.0,0.0,0.0,1.0,0.0,0.0,246.0,246.0,1.0,0.0,0.0,0.0,0.0,0.0,0.0,0.0
0.0,1.0,145.0,13187.0,0.0,0.0,0.0,0.0,0.0,1.0,0.0,0.0,0.0,0.0,0.0,0.0,0.0,0.0,0.0,0.0,1.0,1.0,0.0,0.0,0.0,0.0,1.0,0.0,0.0,255.0,255.0,1.0,0.0,0.0,0.0,0.0,0.0,0.0,0.0
0.0,1.0,207.0,1415.0,0.0,0.0,0.0,0.0,0.0,1.0,0.0,0.0,0.0,0.0,0.0,0.0,0.0,0.0,0.0,0.0,11.0,11.0,0.0,0.0,0.0,0.0,1.0,0.0,0.0,255.0,255.0,1.0,0.0,0.0,0.0,0.0,0.0,0.0,0.0
0.0,1.0,296.0,1415.0,0.0,0.0,0.0,0.0,0.0,1.0,0.0,0.0,0.0,0.0,0.0,0.0,0.0,0.0,0.0,0.0,10.0,10.0,0.0,0.0,0.0,0.0,1.0,0.0,0.0,255.0,255.0,1.0,0.0,0.0,0.0,0.0,0.0,0.0,0.0
0.0,1.0,212.0,1227.0,0.0,0.0,0.0,0.0,0.0,1.0,0.0,0.0,0.0,0.0,0.0,0.0,0.0,0.0,0.0,0.0,9.0,9.0,0.0,0.0,0.0,0.0,1.0,0.0,0.0,255.0,255.0,1.0,0.0,0.0,0.0,0.0,0.0,0.0,0.0
0.0,1.0,277.0,2295.0,0.0,0.0,0.0,0.0,0.0,1.0,0.0,0.0,0.0,0.0,0.0,0.0,0.0,0.0,0.0,0.0,1.0,1.0,0.0,0.0,0.0,0.0,1.0,0.0,0.0,255.0,255.0,1.0,0.0,0.0,0.0,0.0,0.0,0.0,0.0
0.0,1.0,285.0,2531.0,0.0,0.0,0.0,0.0,0.0,1.0,0.0,0.0,0.0,0.0,0.0,0.0,0.0,0.0,0.0,0.0,3.0,3.0,0.0,0.0,0.0,0.0,1.0,0.0,0.0,255.0,255.0,1.0,0.0,0.0,0.0,0.0,0.0,0.0,0.0
0.0,1.0,286.0,1415.0,0.0,0.0,0.0,0.0,0.0,1.0,0.0,0.0,0.0,0.0,0.0,0.0,0.0,0.0,0.0,0.0,4.0,4.0,0.0,0.0,0.0,0.0,1.0,0.0,0.0,255.0,255.0,1.0,0.0,0.0,0.0,0.0,0.0,0.0,0.0
0.0,1.0,205.0,2295.0,0.0,0.0,0.0,0.0,0.0,1.0,0.0,0.0,0.0,0.0,0.0,0.0,0.0,0.0,0.0,0.0,1.0,1.0,0.0,0.0,0.0,0.0,1.0,0.0,0.0,255.0,255.0,1.0,0.0,0.0,0.0,0.0,0.0,0.0,0.0
0.0,1.0,156.0,4145.0,0.0,0.0,0.0,0.0,0.0,1.0,0.0,0.0,0.0,0.0,0.0,0.0,0.0,0.0,0.0,0.0,10.0,10.0,0.0,0.0,0.0,0.0,1.0,0.0,0.0,255.0,255.0,1.0,0.0,0.0,0.0,0.0,0.0,0.0,0.0
0.0,1.0,197.0,2531.0,0.0,0.0,0.0,0.0,0.0,1.0,0.0,0.0,0.0,0.0,0.0,0.0,0.0,0.0,0.0,0.0,5.0,5.0,0.0,0.0,0.0,0.0,1.0,0.0,0.0,255.0,255.0,1.0,0.0,0.0,0.0,0.0,0.0,0.0,0.0
0.0,1.0,294.0,1227.0,0.0,0.0,0.0,0.0,0.0,1.0,0.0,0.0,0.0,0.0,0.0,0.0,0.0,0.0,0.0,0.0,4.0,4.0,0.0,0.0,0.0,0.0,1.0,0.0,0.0,255.0,255.0,1.0,0.0,0.0,0.0,0.0,0.0,0.0,0.0
0.0,1.0,285.0,2345.0,0.0,0.0,0.0,0.0,0.0,1.0,0.0,0.0,0.0,0.0,0.0,0.0,0.0,0.0,0.0,0.0,3.0,3.0,0.0,0.0,0.0,0.0,1.0,0.0,0.0,3.0,255.0,1.0,0.0,0.33,0.01,0.0,0.0,0.0,0.0
0.0,1.0,313.0,5545.0,0.0,0.0,0.0,0.0,0.0,1.0,0.0,0.0,0.0,0.0,0.0,0.0,0.0,0.0,0.0,0.0,2.0,2.0,0.0,0.0,0.0,0.0,1.0,0.0,0.0,13.0,255.0,1.0,0.0,0.08,0.01,0.0,0.0,0.0,0.0
0.0,1.0,260.0,1984.0,0.0,0.0,0.0,0.0,0.0,1.0,0.0,0.0,0.0,0.0,0.0,0.0,0.0,0.0,0.0,0.0,1.0,1.0,0.0,0.0,0.0,0.0,1.0,0.0,0.0,10.0,255.0,1.0,0.0,0.1,0.01,0.0,0.0,0.0,0.0
0.0,1.0,315.0,601.0,0.0,0.0,0.0,0.0,0.0,1.0,0.0,0.0,0.0,0.0,0.0,0.0,0.0,0.0,0.0,0.0,2.0,2.0,0.0,0.0,0.0,0.0,1.0,0.0,0.0,2.0,255.0,1.0,0.0,0.5,0.02,0.0,0.0,0.0,0.0
0.0,1.0,321.0,1487.0,0.0,0.0,0.0,0.0,0.0,1.0,0.0,0.0,0.0,0.0,0.0,0.0,0.0,0.0,0.0,0.0,12.0,12.0,0.0,0.0,0.0,0.0,1.0,0.0,0.0,12.0,255.0,1.0,0.0,0.08,0.02,0.0,0.0,0.0,0.0
0.0,1.0,319.0,556.0,0.0,0.0,0.0,0.0,0.0,1.0,0.0,0.0,0.0,0.0,0.0,0.0,0.0,0.0,0.0,0.0,7.0,7.0,0.0,0.0,0.0,0.0,1.0,0.0,0.0,22.0,255.0,1.0,0.0,0.05,0.02,0.0,0.0,0.0,0.0
0.0,1.0,240.0,8159.0,0.0,0.0,0.0,0.0,0.0,1.0,0.0,0.0,0.0,0.0,0.0,0.0,0.0,0.0,0.0,0.0,2.0,2.0,0.0,0.0,0.0,0.0,1.0,0.0,0.0,2.0,255.0,1.0,0.0,0.5,0.02,0.0,0.0,0.0,0.0
0.0,1.0,305.0,280.0,0.0,0.0,0.0,0.0,0.0,1.0,0.0,0.0,0.0,0.0,0.0,0.0,0.0,0.0,0.0,0.0,12.0,12.0,0.0,0.0,0.0,0.0,1.0,0.0,0.0,12.0,255.0,1.0,0.0,0.08,0.02,0.0,0.0,0.0,0.0
0.0,1.0,338.0,1408.0,0.0,0.0,0.0,0.0,0.0,1.0,0.0,0.0,0.0,0.0,0.0,0.0,0.0,0.0,0.0,0.0,6.0,6.0,0.0,0.0,0.0,0.0,1.0,0.0,0.0,22.0,255.0,1.0,0.0,0.05,0.02,0.0,0.0,0.0,0.0
0.0,1.0,349.0,1425.0,0.0,0.0,0.0,0.0,0.0,1.0,0.0,0.0,0.0,0.0,0.0,0.0,0.0,0.0,0.0,0.0,3.0,3.0,0.0,0.0,0.0,0.0,1.0,0.0,0.0,32.0,255.0,1.0,0.0,0.03,0.02,0.0,0.0,0.0,0.0
0.0,1.0,305.0,280.0,0.0,0.0,0.0,0.0,0.0,1.0,0.0,0.0,0.0,0.0,0.0,0.0,0.0,0.0,0.0,0.0,1.0,1.0,0.0,0.0,0.0,0.0,1.0,0.0,0.0,42.0,255.0,1.0,0.0,0.02,0.02,0.0,0.0,0.0,0.0
0.0,1.0,309.0,1425.0,0.0,0.0,0.0,0.0,0.0,1.0,0.0,0.0,0.0,0.0,0.0,0.0,0.0,0.0,0.0,0.0,11.0,11.0,0.0,0.0,0.0,0.0,1.0,0.0,0.0,52.0,255.0,1.0,0.0,0.04,0.02,0.0,0.0,0.0,0.0
0.0,1.0,306.0,3211.0,0.0,0.0,0.0,0.0,0.0,1.0,0.0,0.0,0.0,0.0,0.0,0.0,0.0,0.0,0.0,0.0,7.0,7.0,0.0,0.0,0.0,0.0,1.0,0.0,0.0,62.0,255.0,1.0,0.0,0.02,0.02,0.0,0.0,0.0,0.0
0.0,1.0,237.0,1461.0,0.0,0.0,0.0,0.0,0.0,1.0,0.0,0.0,0.0,0.0,0.0,0.0,0.0,0.0,0.0,0.0,8.0,8.0,0.0,0.0,0.0,0.0,1.0,0.0,0.0,72.0,255.0,1.0,0.0,0.01,0.02,0.0,0.0,0.0,0.0
0.0,1.0,307.0,1109.0,0.0,0.0,0.0,0.0,0.0,1.0,0.0,0.0,0.0,0.0,0.0,0.0,0.0,0.0,0.0,0.0,13.0,13.0,0.0,0.0,0.0,0.0,1.0,0.0,0.0,82.0,255.0,1.0,0.0,0.01,0.02,0.0,0.0,0.0,0.0
0.0,1.0,235.0,3211.0,0.0,0.0,0.0,0.0,0.0,1.0,0.0,0.0,0.0,0.0,0.0,0.0,0.0,0.0,0.0,0.0,9.0,11.0,0.0,0.0,0.0,0.0,1.0,0.0,0.18,92.0,255.0,1.0,0.0,0.01,0.02,0.0,0.0,0.0,0.0
0.0,1.0,221.0,1408.0,0.0,0.0,0.0,0.0,0.0,1.0,0.0,0.0,0.0,0.0,0.0,0.0,0.0,0.0,0.0,0.0,5.0,7.0,0.0,0.0,0.0,0.0,1.0,0.0,0.29,102.0,255.0,1.0,0.0,0.01,0.02,0.0,0.0,0.0,0.0
0.0,1.0,221.0,1461.0,0.0,0.0,0.0,0.0,0.0,1.0,0.0,0.0,0.0,0.0,0.0,0.0,0.0,0.0,0.0,0.0,1.0,1.0,0.0,0.0,0.0,0.0,1.0,0.0,0.0,112.0,255.0,1.0,0.0,0.01,0.02,0.0,0.0,0.0,0.0
0.0,1.0,223.0,1423.0,0.0,0.0,0.0,0.0,0.0,1.0,0.0,0.0,0.0,0.0,0.0,0.0,0.0,0.0,0.0,0.0,11.0,11.0,0.0,0.0,0.0,0.0,1.0,0.0,0.0,122.0,255.0,1.0,0.0,0.01,0.02,0.0,0.0,0.0,0.0
0.0,1.0,218.0,5280.0,0.0,0.0,0.0,0.0,0.0,1.0,0.0,0.0,0.0,0.0,0.0,0.0,0.0,0.0,0.0,0.0,7.0,7.0,0.0,0.0,0.0,0.0,1.0,0.0,0.0,132.0,255.0,1.0,0.0,0.01,0.02,0.0,0.0,0.0,0.0
0.0,1.0,221.0,1461.0,0.0,0.0,0.0,0.0,0.0,1.0,0.0,0.0,0.0,0.0,0.0,0.0,0.0,0.0,0.0,0.0,3.0,3.0,0.0,0.0,0.0,0.0,1.0,0.0,0.0,142.0,255.0,1.0,0.0,0.01,0.02,0.0,0.0,0.0,0.0
0.0,1.0,208.0,324.0,0.0,0.0,0.0,0.0,0.0,1.0,0.0,0.0,0.0,0.0,0.0,0.0,0.0,0.0,0.0,0.0,13.0,13.0,0.0,0.0,0.0,0.0,1.0,0.0,0.0,152.0,255.0,1.0,0.0,0.01,0.02,0.0,0.0,0.0,0.0
0.0,1.0,228.0,5280.0,0.0,0.0,0.0,0.0,0.0,1.0,0.0,0.0,0.0,0.0,0.0,0.0,0.0,0.0,0.0,0.0,9.0,9.0,0.0,0.0,0.0,0.0,1.0,0.0,0.0,162.0,255.0,1.0,0.0,0.01,0.02,0.0,0.0,0.0,0.0
0.0,1.0,310.0,1408.0,0.0,0.0,0.0,0.0,0.0,1.0,0.0,0.0,0.0,0.0,0.0,0.0,0.0,0.0,0.0,0.0,5.0,5.0,0.0,0.0,0.0,0.0,1.0,0.0,0.0,172.0,255.0,1.0,0.0,0.01,0.02,0.0,0.0,0.0,0.0
0.0,1.0,307.0,1425.0,0.0,0.0,0.0,0.0,0.0,1.0,0.0,0.0,0.0,0.0,0.0,0.0,0.0,0.0,0.0,0.0,1.0,1.0,0.0,0.0,0.0,0.0,1.0,0.0,0.0,182.0,255.0,1.0,0.0,0.01,0.02,0.0,0.0,0.0,0.0
0.0,1.0,308.0,1481.0,0.0,0.0,0.0,0.0,0.0,1.0,0.0,0.0,0.0,0.0,0.0,0.0,0.0,0.0,0.0,0.0,11.0,11.0,0.0,0.0,0.0,0.0,1.0,0.0,0.0,192.0,255.0,1.0,0.0,0.01,0.02,0.0,0.0,0.0,0.0
0.0,1.0,322.0,1423.0,0.0,0.0,0.0,0.0,0.0,1.0,0.0,0.0,0.0,0.0,0.0,0.0,0.0,0.0,0.0,0.0,7.0,7.0,0.0,0.0,0.0,0.0,1.0,0.0,0.0,202.0,255.0,1.0,0.0,0.0,0.02,0.0,0.0,0.0,0.0
0.0,1.0,308.0,1483.0,0.0,0.0,0.0,0.0,0.0,1.0,0.0,0.0,0.0,0.0,0.0,0.0,0.0,0.0,0.0,0.0,5.0,5.0,0.0,0.0,0.0,0.0,1.0,0.0,0.0,212.0,255.0,1.0,0.0,0.0,0.01,0.0,0.0,0.0,0.0
0.0,1.0,255.0,8224.0,0.0,0.0,0.0,0.0,0.0,1.0,0.0,0.0,0.0,0.0,0.0,0.0,0.0,0.0,0.0,0.0,1.0,1.0,0.0,0.0,0.0,0.0,1.0,0.0,0.0,222.0,255.0,1.0,0.0,0.0,0.01,0.0,0.0,0.0,0.0
0.0,1.0,324.0,1112.0,0.0,0.0,0.0,0.0,0.0,1.0,0.0,0.0,0.0,0.0,0.0,0.0,0.0,0.0,0.0,0.0,11.0,11.0,0.0,0.0,0.0,0.0,1.0,0.0,0.0,232.0,255.0,1.0,0.0,0.0,0.01,0.0,0.0,0.0,0.0
0.0,1.0,303.0,280.0,0.0,0.0,0.0,0.0,0.0,1.0,0.0,0.0,0.0,0.0,0.0,0.0,0.0,0.0,0.0,0.0,10.0,10.0,0.0,0.0,0.0,0.0,1.0,0.0,0.0,242.0,255.0,1.0,0.0,0.0,0.01,0.0,0.0,0.0,0.0
0.0,1.0,305.0,1705.0,0.0,0.0,0.0,0.0,0.0,1.0,0.0,0.0,0.0,0.0,0.0,0.0,0.0,0.0,0.0,0.0,6.0,6.0,0.0,0.0,0.0,0.0,1.0,0.0,0.0,252.0,255.0,1.0,0.0,0.0,0.01,0.0,0.0,0.0,0.0
0.0,1.0,304.0,1449.0,0.0,0.0,0.0,0.0,0.0,1.0,0.0,0.0,0.0,0.0,0.0,0.0,0.0,0.0,0.0,0.0,4.0,4.0,0.0,0.0,0.0,0.0,1.0,0.0,0.0,255.0,255.0,1.0,0.0,0.0,0.0,0.0,0.0,0.0,0.0
0.0,1.0,305.0,1580.0,0.0,0.0,0.0,0.0,0.0,1.0,0.0,0.0,0.0,0.0,0.0,0.0,0.0,0.0,0.0,0.0,14.0,14.0,0.0,0.0,0.0,0.0,1.0,0.0,0.0,255.0,255.0,1.0,0.0,0.0,0.0,0.0,0.0,0.0,0.0
0.0,1.0,315.0,3730.0,0.0,0.0,0.0,0.0,0.0,1.0,0.0,0.0,0.0,0.0,0.0,0.0,0.0,0.0,0.0,0.0,5.0,5.0,0.0,0.0,0.0,0.0,1.0,0.0,0.0,255.0,255.0,1.0,0.0,0.0,0.0,0.0,0.0,0.0,0.0
0.0,1.0,330.0,1481.0,0.0,0.0,0.0,0.0,0.0,1.0,0.0,0.0,0.0,0.0,0.0,0.0,0.0,0.0,0.0,0.0,6.0,6.0,0.0,0.0,0.0,0.0,1.0,0.0,0.0,255.0,255.0,1.0,0.0,0.0,0.0,0.0,0.0,0.0,0.0
0.0,1.0,240.0,8159.0,0.0,0.0,0.0,0.0,0.0,1.0,0.0,0.0,0.0,0.0,0.0,0.0,0.0,0.0,0.0,0.0,2.0,2.0,0.0,0.0,0.0,0.0,1.0,0.0,0.0,255.0,255.0,1.0,0.0,0.0,0.0,0.0,0.0,0.0,0.0
0.0,1.0,309.0,1109.0,0.0,0.0,0.0,0.0,0.0,1.0,0.0,0.0,0.0,0.0,0.0,0.0,0.0,0.0,0.0,0.0,12.0,12.0,0.0,0.0,0.0,0.0,1.0,0.0,0.0,255.0,255.0,1.0,0.0,0.0,0.0,0.0,0.0,0.0,0.0
0.0,1.0,310.0,1481.0,0.0,0.0,0.0,0.0,0.0,1.0,0.0,0.0,0.0,0.0,0.0,0.0,0.0,0.0,0.0,0.0,8.0,8.0,0.0,0.0,0.0,0.0,1.0,0.0,0.0,255.0,255.0,1.0,0.0,0.0,0.0,0.0,0.0,0.0,0.0
0.0,1.0,152.0,8159.0,0.0,0.0,0.0,0.0,0.0,1.0,0.0,0.0,0.0,0.0,0.0,0.0,0.0,0.0,0.0,0.0,1.0,1.0,0.0,0.0,0.0,0.0,1.0,0.0,0.0,255.0,255.0,1.0,0.0,0.0,0.0,0.0,0.0,0.0,0.0
0.0,1.0,217.0,280.0,0.0,0.0,0.0,0.0,0.0,1.0,0.0,0.0,0.0,0.0,0.0,0.0,0.0,0.0,0.0,0.0,10.0,10.0,0.0,0.0,0.0,0.0,1.0,0.0,0.0,255.0,255.0,1.0,0.0,0.0,0.0,0.0,0.0,0.0,0.0
0.0,1.0,307.0,5280.0,0.0,0.0,0.0,0.0,0.0,1.0,0.0,0.0,0.0,0.0,0.0,0.0,0.0,0.0,0.0,0.0,10.0,10.0,0.0,0.0,0.0,0.0,1.0,0.0,0.0,255.0,255.0,1.0,0.0,0.0,0.0,0.0,0.0,0.0,0.0
0.0,1.0,302.0,1461.0,0.0,0.0,0.0,0.0,0.0,1.0,0.0,0.0,0.0,0.0,0.0,0.0,0.0,0.0,0.0,0.0,6.0,6.0,0.0,0.0,0.0,0.0,1.0,0.0,0.0,255.0,255.0,1.0,0.0,0.0,0.0,0.0,0.0,0.0,0.0
0.0,1.0,152.0,8159.0,0.0,0.0,0.0,0.0,0.0,1.0,0.0,0.0,0.0,0.0,0.0,0.0,0.0,0.0,0.0,0.0,2.0,2.0,0.0,0.0,0.0,0.0,1.0,0.0,0.0,255.0,255.0,1.0,0.0,0.0,0.0,0.0,0.0,0.0,0.0
0.0,1.0,222.0,1408.0,0.0,0.0,0.0,0.0,0.0,1.0,0.0,0.0,0.0,0.0,0.0,0.0,0.0,0.0,0.0,0.0,12.0,12.0,0.0,0.0,0.0,0.0,1.0,0.0,0.0,255.0,255.0,1.0,0.0,0.0,0.0,0.0,0.0,0.0,0.0
0.0,1.0,216.0,13655.0,0.0,0.0,0.0,0.0,0.0,1.0,0.0,0.0,0.0,0.0,0.0,0.0,0.0,0.0,0.0,0.0,2.0,2.0,0.0,0.0,0.0,0.0,1.0,0.0,0.0,7.0,255.0,1.0,0.0,0.14,0.01,0.0,0.0,0.0,0.0
0.0,1.0,206.0,14358.0,0.0,0.0,0.0,0.0,0.0,1.0,0.0,0.0,0.0,0.0,0.0,0.0,0.0,0.0,0.0,0.0,9.0,9.0,0.0,0.0,0.0,0.0,1.0,0.0,0.0,9.0,255.0,1.0,0.0,0.11,0.01,0.0,0.0,0.0,0.0
0.0,1.0,206.0,1970.0,0.0,0.0,0.0,0.0,0.0,1.0,0.0,0.0,0.0,0.0,0.0,0.0,0.0,0.0,0.0,0.0,19.0,19.0,0.0,0.0,0.0,0.0,1.0,0.0,0.0,19.0,255.0,1.0,0.0,0.05,0.01,0.0,0.0,0.0,0.0
0.0,1.0,170.0,5295.0,0.0,0.0,0.0,0.0,0.0,1.0,0.0,0.0,0.0,0.0,0.0,0.0,0.0,0.0,0.0,0.0,3.0,3.0,0.0,0.0,0.0,0.0,1.0,0.0,0.0,29.0,255.0,1.0,0.0,0.03,0.01,0.0,0.0,0.0,0.0
0.0,1.0,188.0,74810.0,0.0,0.0,0.0,0.0,0.0,1.0,0.0,0.0,0.0,0.0,0.0,0.0,0.0,0.0,0.0,0.0,5.0,5.0,0.0,0.0,0.0,0.0,1.0,0.0,0.0,39.0,255.0,1.0,0.0,0.03,0.01,0.0,0.0,0.0,0.0
0.0,1.0,185.0,4946.0,0.0,0.0,0.0,0.0,0.0,1.0,0.0,0.0,0.0,0.0,0.0,0.0,0.0,0.0,0.0,0.0,15.0,15.0,0.0,0.0,0.0,0.0,1.0,0.0,0.0,49.0,255.0,1.0,0.0,0.02,0.01,0.0,0.0,0.0,0.0
0.0,1.0,198.0,74810.0,0.0,0.0,0.0,0.0,0.0,1.0,0.0,0.0,0.0,0.0,0.0,0.0,0.0,0.0,0.0,0.0,4.0,4.0,0.0,0.0,0.0,0.0,1.0,0.0,0.0,59.0,255.0,1.0,0.0,0.02,0.01,0.0,0.0,0.0,0.0
0.0,1.0,309.0,1008.0,0.0,0.0,0.0,0.0,0.0,1.0,0.0,0.0,0.0,0.0,0.0,0.0,0.0,0.0,0.0,0.0,1.0,6.0,0.0,0.0,0.0,0.0,1.0,0.0,0.5,1.0,255.0,1.0,0.0,1.0,0.02,0.0,0.0,0.0,0.0
0.0,1.0,317.0,2361.0,0.0,0.0,0.0,0.0,0.0,1.0,0.0,0.0,0.0,0.0,0.0,0.0,0.0,0.0,0.0,0.0,11.0,16.0,0.0,0.0,0.0,0.0,1.0,0.0,0.19,11.0,255.0,1.0,0.0,0.09,0.02,0.0,0.0,0.0,0.0
0.0,1.0,267.0,6407.0,0.0,0.0,0.0,0.0,0.0,1.0,0.0,0.0,0.0,0.0,0.0,0.0,0.0,0.0,0.0,0.0,10.0,10.0,0.0,0.0,0.0,0.0,1.0,0.0,0.0,21.0,255.0,1.0,0.0,0.05,0.02,0.0,0.0,0.0,0.0
0.0,1.0,327.0,6827.0,0.0,0.0,0.0,0.0,0.0,1.0,0.0,0.0,0.0,0.0,0.0,0.0,0.0,0.0,0.0,0.0,3.0,3.0,0.0,0.0,0.0,0.0,1.0,0.0,0.0,31.0,255.0,1.0,0.0,0.03,0.02,0.0,0.0,0.0,0.0
0.0,1.0,271.0,831.0,0.0,0.0,0.0,0.0,0.0,1.0,0.0,0.0,0.0,0.0,0.0,0.0,0.0,0.0,0.0,0.0,3.0,3.0,0.0,0.0,0.0,0.0,1.0,0.0,0.0,3.0,255.0,1.0,0.0,0.33,0.02,0.0,0.0,0.0,0.0
0.0,1.0,272.0,913.0,0.0,0.0,0.0,0.0,0.0,1.0,0.0,0.0,0.0,0.0,0.0,0.0,0.0,0.0,0.0,0.0,13.0,13.0,0.0,0.0,0.0,0.0,1.0,0.0,0.0,13.0,255.0,1.0,0.0,0.08,0.02,0.0,0.0,0.0,0.0
0.0,1.0,207.0,3443.0,0.0,0.0,0.0,0.0,0.0,1.0,0.0,0.0,0.0,0.0,0.0,0.0,0.0,0.0,0.0,0.0,4.0,4.0,0.0,0.0,0.0,0.0,1.0,0.0,0.0,4.0,255.0,1.0,0.0,0.25,0.02,0.0,0.0,0.0,0.0
0.0,1.0,204.0,222.0,0.0,0.0,0.0,0.0,0.0,1.0,0.0,0.0,0.0,0.0,0.0,0.0,0.0,0.0,0.0,0.0,1.0,1.0,0.0,0.0,0.0,0.0,1.0,0.0,0.0,1.0,255.0,1.0,0.0,1.0,0.03,0.0,0.0,0.0,0.0
0.0,1.0,223.0,269.0,0.0,0.0,0.0,0.0,0.0,1.0,0.0,0.0,0.0,0.0,0.0,0.0,0.0,0.0,0.0,0.0,8.0,8.0,0.0,0.0,0.0,0.0,1.0,0.0,0.0,11.0,255.0,1.0,0.0,0.09,0.03,0.0,0.0,0.0,0.0
0.0,1.0,219.0,1571.0,0.0,0.0,0.0,0.0,0.0,1.0,0.0,0.0,0.0,0.0,0.0,0.0,0.0,0.0,0.0,0.0,8.0,8.0,0.0,0.0,0.0,0.0,1.0,0.0,0.0,21.0,255.0,1.0,0.0,0.05,0.03,0.0,0.0,0.0,0.0
0.0,1.0,228.0,1764.0,0.0,0.0,0.0,0.0,0.0,1.0,0.0,0.0,0.0,0.0,0.0,0.0,0.0,0.0,0.0,0.0,18.0,18.0,0.0,0.0,0.0,0.0,1.0,0.0,0.0,31.0,255.0,1.0,0.0,0.03,0.03,0.0,0.0,0.0,0.0
0.0,1.0,230.0,222.0,0.0,0.0,0.0,0.0,0.0,1.0,0.0,0.0,0.0,0.0,0.0,0.0,0.0,0.0,0.0,0.0,6.0,6.0,0.0,0.0,0.0,0.0,1.0,0.0,0.0,41.0,255.0,1.0,0.0,0.02,0.03,0.0,0.0,0.0,0.0
0.0,1.0,235.0,222.0,0.0,0.0,0.0,0.0,0.0,1.0,0.0,0.0,0.0,0.0,0.0,0.0,0.0,0.0,0.0,0.0,16.0,16.0,0.0,0.0,0.0,0.0,1.0,0.0,0.0,51.0,255.0,1.0,0.0,0.02,0.03,0.0,0.0,0.0,0.0
0.0,1.0,151.0,511.0,0.0,0.0,0.0,0.0,0.0,1.0,0.0,0.0,0.0,0.0,0.0,0.0,0.0,0.0,0.0,0.0,1.0,17.0,0.0,0.0,0.0,0.0,1.0,0.0,0.12,5.0,255.0,1.0,0.0,0.2,0.04,0.0,0.0,0.0,0.0
0.0,1.0,256.0,125015.0,0.0,0.0,0.0,0.0,0.0,1.0,0.0,0.0,0.0,0.0,0.0,0.0,0.0,0.0,0.0,0.0,10.0,15.0,0.0,0.0,0.0,0.0,1.0,0.0,0.27,10.0,255.0,1.0,0.0,0.1,0.04,0.0,0.0,0.0,0.0
0.0,1.0,247.0,19361.0,0.0,0.0,0.0,0.0,0.0,1.0,0.0,0.0,0.0,0.0,0.0,0.0,0.0,0.0,0.0,0.0,20.0,25.0,0.0,0.0,0.0,0.0,1.0,0.0,0.16,20.0,255.0,1.0,0.0,0.05,0.04,0.0,0.0,0.0,0.0
0.0,1.0,327.0,7892.0,0.0,0.0,0.0,0.0,0.0,1.0,0.0,0.0,0.0,0.0,0.0,0.0,0.0,0.0,0.0,0.0,10.0,11.0,0.0,0.0,0.0,0.0,1.0,0.0,0.18,30.0,255.0,1.0,0.0,0.03,0.04,0.0,0.0,0.0,0.0
0.0,1.0,333.0,1718.0,0.0,0.0,0.0,0.0,0.0,1.0,0.0,0.0,0.0,0.0,0.0,0.0,0.0,0.0,0.0,0.0,1.0,1.0,0.0,0.0,0.0,0.0,1.0,0.0,0.0,40.0,255.0,1.0,0.0,0.03,0.04,0.03,0.0,0.0,0.0
0.0,1.0,177.0,3525.0,0.0,0.0,0.0,0.0,0.0,1.0,0.0,0.0,0.0,0.0,0.0,0.0,0.0,0.0,0.0,0.0,8.0,8.0,0.0,0.0,0.0,0.0,1.0,0.0,0.0,50.0,255.0,1.0,0.0,0.02,0.04,0.02,0.0,0.0,0.0
0.0,1.0,174.0,4895.0,0.0,0.0,0.0,0.0,0.0,1.0,0.0,0.0,0.0,0.0,0.0,0.0,0.0,0.0,0.0,0.0,18.0,18.0,0.0,0.0,0.0,0.0,1.0,0.0,0.0,60.0,255.0,1.0,0.0,0.02,0.04,0.02,0.0,0.0,0.0
0.0,1.0,242.0,2109.0,0.0,0.0,0.0,0.0,0.0,1.0,0.0,0.0,0.0,0.0,0.0,0.0,0.0,0.0,0.0,0.0,8.0,8.0,0.0,0.0,0.0,0.0,1.0,0.0,0.0,70.0,255.0,1.0,0.0,0.01,0.04,0.01,0.0,0.0,0.0
0.0,1.0,240.0,1469.0,0.0,0.0,0.0,0.0,0.0,1.0,0.0,0.0,0.0,0.0,0.0,0.0,0.0,0.0,0.0,0.0,18.0,18.0,0.0,0.0,0.0,0.0,1.0,0.0,0.0,80.0,255.0,1.0,0.0,0.01,0.04,0.01,0.0,0.0,0.0
0.0,1.0,241.0,7892.0,0.0,0.0,0.0,0.0,0.0,1.0,0.0,0.0,0.0,0.0,0.0,0.0,0.0,0.0,0.0,0.0,7.0,7.0,0.0,0.0,0.0,0.0,1.0,0.0,0.0,90.0,255.0,1.0,0.0,0.01,0.04,0.01,0.0,0.0,0.0
0.0,1.0,218.0,423.0,0.0,0.0,0.0,0.0,0.0,1.0,0.0,0.0,0.0,0.0,0.0,0.0,0.0,0.0,0.0,0.0,17.0,18.0,0.0,0.0,0.0,0.0,1.0,0.0,0.11,100.0,255.0,1.0,0.0,0.01,0.04,0.01,0.0,0.0,0.0
0.0,1.0,212.0,360.0,0.0,0.0,0.0,0.0,0.0,1.0,0.0,0.0,0.0,0.0,0.0,0.0,0.0,0.0,0.0,0.0,6.0,6.0,0.0,0.0,0.0,0.0,1.0,0.0,0.0,6.0,255.0,1.0,0.0,0.17,0.04,0.0,0.0,0.0,0.0
0.0,1.0,203.0,768.0,0.0,0.0,0.0,0.0,0.0,1.0,0.0,0.0,0.0,0.0,0.0,0.0,0.0,0.0,0.0,0.0,16.0,16.0,0.0,0.0,0.0,0.0,1.0,0.0,0.0,16.0,255.0,1.0,0.0,0.06,0.04,0.0,0.0,0.0,0.0
0.0,1.0,285.0,1106.0,0.0,0.0,0.0,0.0,0.0,1.0,0.0,0.0,0.0,0.0,0.0,0.0,0.0,0.0,0.0,0.0,8.0,8.0,0.0,0.0,0.0,0.0,1.0,0.0,0.0,8.0,255.0,1.0,0.0,0.12,0.04,0.0,0.0,0.0,0.0
0.0,1.0,288.0,644.0,0.0,0.0,0.0,0.0,0.0,1.0,0.0,0.0,0.0,0.0,0.0,0.0,0.0,0.0,0.0,0.0,19.0,19.0,0.11,0.11,0.0,0.0,1.0,0.0,0.0,18.0,255.0,1.0,0.0,0.06,0.04,0.06,0.01,0.0,0.0
0.0,1.0,340.0,681.0,0.0,0.0,0.0,0.0,0.0,1.0,0.0,0.0,0.0,0.0,0.0,0.0,0.0,0.0,0.0,0.0,5.0,11.0,0.0,0.0,0.0,0.0,1.0,0.0,0.18,28.0,255.0,1.0,0.0,0.04,0.04,0.04,0.01,0.0,0.0
0.0,1.0,344.0,1180.0,0.0,0.0,0.0,0.0,0.0,1.0,0.0,0.0,0.0,0.0,0.0,0.0,0.0,0.0,0.0,0.0,15.0,25.0,0.0,0.0,0.0,0.0,1.0,0.0,0.08,38.0,255.0,1.0,0.0,0.03,0.04,0.03,0.01,0.0,0.0
0.0,1.0,233.0,128.0,0.0,0.0,0.0,0.0,0.0,1.0,0.0,0.0,0.0,0.0,0.0,0.0,0.0,0.0,0.0,0.0,1.0,5.0,0.0,0.0,0.0,0.0,1.0,0.0,0.4,6.0,255.0,1.0,0.0,0.17,0.04,0.0,0.01,0.0,0.0
0.0,1.0,334.0,4450.0,0.0,0.0,0.0,0.0,0.0,1.0,0.0,0.0,0.0,0.0,0.0,0.0,0.0,0.0,0.0,0.0,7.0,7.0,0.0,0.0,0.0,0.0,1.0,0.0,0.0,7.0,255.0,1.0,0.0,0.14,0.04,0.0,0.01,0.0,0.0
0.0,1.0,312.0,13647.0,0.0,0.0,0.0,0.0,0.0,1.0,0.0,0.0,0.0,0.0,0.0,0.0,0.0,0.0,0.0,0.0,2.0,30.0,0.0,0.03,0.0,0.0,1.0,0.0,0.07,2.0,255.0,1.0,0.0,0.5,0.04,0.0,0.01,0.0,0.0
0.0,1.0,238.0,6078.0,0.0,0.0,0.0,0.0,0.0,1.0,0.0,0.0,0.0,0.0,0.0,0.0,0.0,0.0,0.0,0.0,1.0,1.0,0.0,0.0,0.0,0.0,1.0,0.0,0.0,12.0,255.0,1.0,0.0,0.08,0.04,0.0,0.01,0.0,0.0
0.0,1.0,308.0,2345.0,0.0,0.0,0.0,0.0,0.0,1.0,0.0,0.0,0.0,0.0,0.0,0.0,0.0,0.0,0.0,0.0,4.0,5.0,0.0,0.0,0.0,0.0,1.0,0.0,0.4,22.0,255.0,1.0,0.0,0.05,0.04,0.0,0.01,0.0,0.0
0.0,1.0,362.0,1653.0,0.0,0.0,0.0,0.0,0.0,1.0,0.0,0.0,0.0,0.0,0.0,0.0,0.0,0.0,0.0,0.0,1.0,1.0,0.0,0.0,0.0,0.0,1.0,0.0,0.0,32.0,255.0,1.0,0.0,0.03,0.04,0.0,0.01,0.0,0.0
0.0,1.0,332.0,61480.0,0.0,0.0,0.0,0.0,0.0,1.0,0.0,0.0,0.0,0.0,0.0,0.0,0.0,0.0,0.0,0.0,11.0,11.0,0.0,0.0,0.0,0.0,1.0,0.0,0.0,42.0,255.0,1.0,0.0,0.02,0.04,0.0,0.01,0.0,0.0
0.0,1.0,247.0,3105.0,0.0,0.0,0.0,0.0,0.0,1.0,0.0,0.0,0.0,0.0,0.0,0.0,0.0,0.0,0.0,0.0,8.0,8.0,0.0,0.0,0.0,0.0,1.0,0.0,0.0,52.0,255.0,1.0,0.0,0.02,0.04,0.0,0.01,0.0,0.0
0.0,1.0,168.0,2876.0,0.0,0.0,0.0,0.0,0.0,1.0,0.0,0.0,0.0,0.0,0.0,0.0,0.0,0.0,0.0,0.0,7.0,7.0,0.0,0.0,0.0,0.0,1.0,0.0,0.0,62.0,255.0,1.0,0.0,0.02,0.03,0.0,0.01,0.0,0.0
0.0,1.0,211.0,373.0,0.0,0.0,0.0,0.0,0.0,1.0,0.0,0.0,0.0,0.0,0.0,0.0,0.0,0.0,0.0,0.0,6.0,6.0,0.0,0.0,0.0,0.0,1.0,0.0,0.0,72.0,255.0,1.0,0.0,0.01,0.02,0.0,0.01,0.0,0.0
0.0,1.0,226.0,61480.0,0.0,0.0,0.0,0.0,0.0,1.0,0.0,0.0,0.0,0.0,0.0,0.0,0.0,0.0,0.0,0.0,9.0,9.0,0.0,0.0,0.0,0.0,1.0,0.0,0.0,82.0,255.0,1.0,0.0,0.01,0.02,0.0,0.01,0.0,0.0
0.0,1.0,252.0,1629.0,0.0,0.0,0.0,0.0,0.0,1.0,0.0,0.0,0.0,0.0,0.0,0.0,0.0,0.0,0.0,0.0,6.0,25.0,0.0,0.0,0.0,0.0,1.0,0.0,0.08,92.0,255.0,1.0,0.0,0.01,0.02,0.0,0.01,0.0,0.0
0.0,1.0,297.0,533.0,0.0,0.0,0.0,0.0,0.0,1.0,0.0,0.0,0.0,0.0,0.0,0.0,0.0,0.0,0.0,0.0,3.0,3.0,0.0,0.0,0.0,0.0,1.0,0.0,0.0,102.0,255.0,1.0,0.0,0.01,0.02,0.0,0.01,0.0,0.0
0.0,1.0,329.0,612.0,0.0,0.0,0.0,0.0,0.0,1.0,0.0,0.0,0.0,0.0,0.0,0.0,0.0,0.0,0.0,0.0,6.0,6.0,0.0,0.0,0.0,0.0,1.0,0.0,0.0,112.0,255.0,1.0,0.0,0.01,0.02,0.0,0.0,0.0,0.0
0.0,1.0,344.0,3796.0,0.0,0.0,0.0,0.0,0.0,1.0,0.0,0.0,0.0,0.0,0.0,0.0,0.0,0.0,0.0,0.0,16.0,16.0,0.0,0.0,0.0,0.0,1.0,0.0,0.0,122.0,255.0,1.0,0.0,0.01,0.02,0.0,0.0,0.0,0.0
0.0,1.0,343.0,1988.0,0.0,0.0,0.0,0.0,0.0,1.0,0.0,0.0,0.0,0.0,0.0,0.0,0.0,0.0,0.0,0.0,26.0,26.0,0.0,0.0,0.0,0.0,1.0,0.0,0.0,132.0,255.0,1.0,0.0,0.01,0.02,0.0,0.0,0.0,0.0
0.0,1.0,343.0,1544.0,0.0,0.0,0.0,0.0,0.0,1.0,0.0,0.0,0.0,0.0,0.0,0.0,0.0,0.0,0.0,0.0,36.0,36.0,0.0,0.0,0.0,0.0,1.0,0.0,0.0,142.0,255.0,1.0,0.0,0.01,0.02,0.0,0.0,0.0,0.0
0.0,1.0,232.0,2105.0,0.0,0.0,0.0,0.0,0.0,1.0,0.0,0.0,0.0,0.0,0.0,0.0,0.0,0.0,0.0,0.0,10.0,14.0,0.0,0.0,0.0,0.0,1.0,0.0,0.14,152.0,255.0,1.0,0.0,0.01,0.02,0.0,0.0,0.0,0.0
0.0,1.0,160.0,3102.0,0.0,0.0,0.0,0.0,0.0,1.0,0.0,0.0,0.0,0.0,0.0,0.0,0.0,0.0,0.0,0.0,2.0,2.0,0.0,0.0,0.0,0.0,1.0,0.0,0.0,162.0,255.0,1.0,0.0,0.01,0.02,0.0,0.0,0.0,0.0
0.0,1.0,218.0,2002.0,0.0,0.0,0.0,0.0,0.0,1.0,0.0,0.0,0.0,0.0,0.0,0.0,0.0,0.0,0.0,0.0,12.0,12.0,0.0,0.0,0.0,0.0,1.0,0.0,0.0,172.0,255.0,1.0,0.0,0.01,0.02,0.0,0.0,0.0,0.0
0.0,1.0,276.0,1653.0,0.0,0.0,0.0,0.0,0.0,1.0,0.0,0.0,0.0,0.0,0.0,0.0,0.0,0.0,0.0,0.0,9.0,9.0,0.0,0.0,0.0,0.0,1.0,0.0,0.0,182.0,255.0,1.0,0.0,0.01,0.02,0.0,0.0,0.0,0.0
0.0,1.0,298.0,3214.0,0.0,0.0,0.0,0.0,0.0,1.0,0.0,0.0,0.0,0.0,0.0,0.0,0.0,0.0,0.0,0.0,6.0,6.0,0.0,0.0,0.0,0.0,1.0,0.0,0.0,6.0,255.0,1.0,0.0,0.17,0.02,0.0,0.0,0.0,0.0
0.0,1.0,309.0,417.0,0.0,0.0,0.0,0.0,0.0,1.0,0.0,0.0,0.0,0.0,0.0,0.0,0.0,0.0,0.0,0.0,16.0,16.0,0.0,0.0,0.0,0.0,1.0,0.0,0.0,16.0,255.0,1.0,0.0,0.06,0.02,0.0,0.0,0.0,0.0
0.0,1.0,306.0,1308.0,0.0,0.0,0.0,0.0,0.0,1.0,0.0,0.0,0.0,0.0,0.0,0.0,0.0,0.0,0.0,0.0,26.0,26.0,0.0,0.0,0.0,0.0,1.0,0.0,0.0,26.0,255.0,1.0,0.0,0.04,0.02,0.0,0.0,0.0,0.0
0.0,1.0,236.0,1190.0,0.0,0.0,0.0,0.0,0.0,1.0,0.0,0.0,0.0,0.0,0.0,0.0,0.0,0.0,0.0,0.0,6.0,16.0,0.0,0.0,0.0,0.0,1.0,0.0,0.12,36.0,255.0,1.0,0.0,0.03,0.02,0.0,0.0,0.0,0.0
0.0,1.0,234.0,254.0,0.0,0.0,0.0,0.0,0.0,1.0,0.0,0.0,0.0,0.0,0.0,0.0,0.0,0.0,0.0,0.0,16.0,26.0,0.0,0.0,0.0,0.0,1.0,0.0,0.08,46.0,255.0,1.0,0.0,0.02,0.02,0.0,0.0,0.0,0.0
0.0,1.0,231.0,761.0,0.0,0.0,0.0,0.0,0.0,1.0,0.0,0.0,0.0,0.0,0.0,0.0,0.0,0.0,0.0,0.0,26.0,36.0,0.0,0.0,0.0,0.0,1.0,0.0,0.06,56.0,255.0,1.0,0.0,0.02,0.01,0.0,0.0,0.0,0.0
0.0,1.0,292.0,12439.0,0.0,0.0,0.0,0.0,0.0,1.0,0.0,0.0,0.0,0.0,0.0,0.0,0.0,0.0,0.0,0.0,1.0,1.0,0.0,0.0,0.0,0.0,1.0,0.0,0.0,1.0,255.0,1.0,0.0,1.0,0.02,0.0,0.0,0.0,0.0
0.0,1.0,320.0,540.0,0.0,0.0,0.0,0.0,0.0,1.0,0.0,0.0,0.0,0.0,0.0,0.0,0.0,0.0,0.0,0.0,11.0,11.0,0.0,0.0,0.0,0.0,1.0,0.0,0.0,11.0,255.0,1.0,0.0,0.09,0.02,0.0,0.0,0.0,0.0
0.0,1.0,317.0,1496.0,0.0,0.0,0.0,0.0,0.0,1.0,0.0,0.0,0.0,0.0,0.0,0.0,0.0,0.0,0.0,0.0,4.0,4.0,0.0,0.0,0.0,0.0,1.0,0.0,0.0,21.0,255.0,1.0,0.0,0.05,0.02,0.0,0.0,0.0,0.0
0.0,1.0,309.0,352.0,0.0,0.0,0.0,0.0,0.0,1.0,0.0,0.0,0.0,0.0,0.0,0.0,0.0,0.0,0.0,0.0,14.0,14.0,0.0,0.0,0.0,0.0,1.0,0.0,0.0,31.0,255.0,1.0,0.0,0.03,0.02,0.0,0.0,0.0,0.0
0.0,1.0,307.0,343.0,0.0,0.0,0.0,0.0,0.0,1.0,0.0,0.0,0.0,0.0,0.0,0.0,0.0,0.0,0.0,0.0,7.0,7.0,0.0,0.0,0.0,0.0,1.0,0.0,0.0,41.0,255.0,1.0,0.0,0.02,0.02,0.0,0.0,0.0,0.0
0.0,1.0,305.0,352.0,0.0,0.0,0.0,0.0,0.0,1.0,0.0,0.0,0.0,0.0,0.0,0.0,0.0,0.0,0.0,0.0,17.0,17.0,0.0,0.0,0.0,0.0,1.0,0.0,0.0,51.0,255.0,1.0,0.0,0.02,0.02,0.0,0.0,0.0,0.0
0.0,1.0,213.0,1108.0,0.0,0.0,0.0,0.0,0.0,1.0,0.0,0.0,0.0,0.0,0.0,0.0,0.0,0.0,0.0,0.0,3.0,3.0,0.0,0.0,0.0,0.0,1.0,0.0,0.0,3.0,255.0,1.0,0.0,0.33,0.02,0.0,0.0,0.0,0.0
0.0,1.0,210.0,1663.0,0.0,0.0,0.0,0.0,0.0,1.0,0.0,0.0,0.0,0.0,0.0,0.0,0.0,0.0,0.0,0.0,13.0,13.0,0.0,0.0,0.0,0.0,1.0,0.0,0.0,13.0,255.0,1.0,0.0,0.08,0.02,0.0,0.0,0.0,0.0
0.0,1.0,234.0,1578.0,0.0,0.0,0.0,0.0,0.0,1.0,0.0,0.0,0.0,0.0,0.0,0.0,0.0,0.0,0.0,0.0,5.0,5.0,0.0,0.0,0.0,0.0,1.0,0.0,0.0,23.0,255.0,1.0,0.0,0.04,0.02,0.0,0.0,0.0,0.0
0.0,1.0,174.0,6345.0,0.0,0.0,0.0,0.0,0.0,1.0,0.0,0.0,0.0,0.0,0.0,0.0,0.0,0.0,0.0,0.0,1.0,1.0,0.0,0.0,0.0,0.0,1.0,0.0,0.0,3.0,255.0,1.0,0.0,0.33,0.02,0.0,0.0,0.0,0.0
79.0,1.0,231.0,328.0,0.0,0.0,0.0,0.0,0.0,1.0,0.0,0.0,0.0,0.0,0.0,0.0,0.0,0.0,0.0,0.0,3.0,3.0,0.0,0.0,0.0,0.0,1.0,0.0,0.0,13.0,255.0,1.0,0.0,0.08,0.02,0.0,0.0,0.0,0.0
0.0,1.0,216.0,4973.0,0.0,0.0,0.0,0.0,0.0,1.0,0.0,0.0,0.0,0.0,0.0,0.0,0.0,0.0,0.0,0.0,2.0,2.0,0.0,0.0,0.0,0.0,1.0,0.0,0.0,9.0,255.0,1.0,0.0,0.11,0.03,0.0,0.0,0.0,0.0
0.0,1.0,317.0,4973.0,0.0,0.0,0.0,0.0,0.0,1.0,0.0,0.0,0.0,0.0,0.0,0.0,0.0,0.0,0.0,0.0,1.0,1.0,0.0,0.0,0.0,0.0,1.0,0.0,0.0,19.0,255.0,1.0,0.0,0.05,0.03,0.0,0.0,0.0,0.0
0.0,1.0,283.0,1920.0,0.0,0.0,0.0,0.0,0.0,1.0,0.0,0.0,0.0,0.0,0.0,0.0,0.0,0.0,0.0,0.0,7.0,7.0,0.0,0.0,0.0,0.0,1.0,0.0,0.0,7.0,255.0,1.0,0.0,0.14,0.03,0.0,0.0,0.0,0.0
0.0,1.0,283.0,1980.0,0.0,0.0,0.0,0.0,0.0,1.0,0.0,0.0,0.0,0.0,0.0,0.0,0.0,0.0,0.0,0.0,17.0,17.0,0.0,0.0,0.0,0.0,1.0,0.0,0.0,17.0,255.0,1.0,0.0,0.06,0.03,0.0,0.0,0.0,0.0
0.0,1.0,300.0,1563.0,0.0,0.0,0.0,0.0,0.0,1.0,0.0,0.0,0.0,0.0,0.0,0.0,0.0,0.0,0.0,0.0,9.0,9.0,0.0,0.0,0.0,0.0,1.0,0.0,0.0,27.0,255.0,1.0,0.0,0.04,0.03,0.0,0.0,0.0,0.0
0.0,1.0,324.0,1357.0,0.0,0.0,0.0,0.0,0.0,1.0,0.0,0.0,0.0,0.0,0.0,0.0,0.0,0.0,0.0,0.0,7.0,8.0,0.0,0.0,0.0,0.0,1.0,0.0,0.25,7.0,255.0,1.0,0.0,0.14,0.04,0.0,0.0,0.0,0.0
0.0,1.0,320.0,238.0,0.0,0.0,0.0,0.0,0.0,1.0,0.0,0.0,0.0,0.0,0.0,0.0,0.0,0.0,0.0,0.0,17.0,18.0,0.0,0.0,0.0,0.0,1.0,0.0,0.11,17.0,255.0,1.0,0.0,0.06,0.04,0.0,0.0,0.0,0.0
0.0,1.0,346.0,1270.0,0.0,0.0,0.0,0.0,0.0,1.0,0.0,0.0,0.0,0.0,0.0,0.0,0.0,0.0,0.0,0.0,27.0,28.0,0.0,0.0,0.0,0.0,1.0,0.0,0.07,27.0,255.0,1.0,0.0,0.04,0.04,0.0,0.0,0.0,0.0
0.0,1.0,236.0,39873.0,0.0,0.0,0.0,0.0,0.0,1.0,0.0,0.0,0.0,0.0,0.0,0.0,0.0,0.0,0.0,0.0,1.0,1.0,0.0,0.0,0.0,0.0,1.0,0.0,0.0,37.0,255.0,1.0,0.0,0.03,0.04,0.0,0.0,0.0,0.0
0.0,1.0,295.0,1087.0,0.0,0.0,0.0,0.0,0.0,1.0,0.0,0.0,0.0,0.0,0.0,0.0,0.0,0.0,0.0,0.0,11.0,11.0,0.0,0.0,0.0,0.0,1.0,0.0,0.0,47.0,255.0,1.0,0.0,0.02,0.04,0.0,0.0,0.0,0.0
0.0,1.0,319.0,1467.0,0.0,0.0,0.0,0.0,0.0,1.0,0.0,0.0,0.0,0.0,0.0,0.0,0.0,0.0,0.0,0.0,21.0,23.0,0.0,0.0,0.0,0.0,1.0,0.0,0.09,57.0,255.0,1.0,0.0,0.02,0.04,0.0,0.0,0.0,0.0
0.0,1.0,301.0,1349.0,0.0,0.0,0.0,0.0,0.0,1.0,0.0,0.0,0.0,0.0,0.0,0.0,0.0,0.0,0.0,0.0,31.0,33.0,0.0,0.0,0.0,0.0,1.0,0.0,0.06,67.0,255.0,1.0,0.0,0.01,0.04,0.0,0.0,0.0,0.0
0.0,1.0,281.0,757.0,0.0,0.0,0.0,0.0,0.0,1.0,0.0,0.0,0.0,0.0,0.0,0.0,0.0,0.0,0.0,0.0,1.0,2.0,0.0,0.0,0.0,0.0,1.0,0.0,1.0,1.0,255.0,1.0,0.0,1.0,0.05,0.0,0.0,0.0,0.0
0.0,1.0,281.0,757.0,0.0,0.0,0.0,0.0,0.0,1.0,0.0,0.0,0.0,0.0,0.0,0.0,0.0,0.0,0.0,0.0,2.0,9.0,0.0,0.0,0.0,0.0,1.0,0.0,0.22,11.0,255.0,1.0,0.0,0.09,0.05,0.0,0.0,0.0,0.0
0.0,1.0,239.0,760.0,0.0,0.0,0.0,0.0,0.0,1.0,0.0,0.0,0.0,0.0,0.0,0.0,0.0,0.0,0.0,0.0,2.0,33.0,0.0,0.0,0.0,0.0,1.0,0.0,0.18,21.0,255.0,1.0,0.0,0.05,0.05,0.0,0.0,0.0,0.0
0.0,1.0,309.0,757.0,0.0,0.0,0.0,0.0,0.0,1.0,0.0,0.0,0.0,0.0,0.0,0.0,0.0,0.0,0.0,0.0,3.0,10.0,0.0,0.0,0.0,0.0,1.0,0.0,0.2,31.0,255.0,1.0,0.0,0.03,0.04,0.0,0.0,0.0,0.0
0.0,1.0,281.0,757.0,0.0,0.0,0.0,0.0,0.0,1.0,0.0,0.0,0.0,0.0,0.0,0.0,0.0,0.0,0.0,0.0,3.0,4.0,0.0,0.0,0.0,0.0,1.0,0.0,0.5,41.0,255.0,1.0,0.0,0.02,0.04,0.0,0.0,0.0,0.0
0.0,1.0,222.0,763.0,0.0,0.0,0.0,0.0,0.0,1.0,0.0,0.0,0.0,0.0,0.0,0.0,0.0,0.0,0.0,0.0,1.0,2.0,0.0,0.0,0.0,0.0,1.0,0.0,1.0,51.0,255.0,1.0,0.0,0.02,0.04,0.0,0.0,0.0,0.0
0.0,1.0,279.0,757.0,0.0,0.0,0.0,0.0,0.0,1.0,0.0,0.0,0.0,0.0,0.0,0.0,0.0,0.0,0.0,0.0,2.0,6.0,0.0,0.0,0.0,0.0,1.0,0.0,0.33,61.0,255.0,1.0,0.0,0.02,0.04,0.0,0.0,0.0,0.0
0.0,1.0,309.0,757.0,0.0,0.0,0.0,0.0,0.0,1.0,0.0,0.0,0.0,0.0,0.0,0.0,0.0,0.0,0.0,0.0,2.0,2.0,0.0,0.0,0.0,0.0,1.0,0.0,0.0,71.0,255.0,1.0,0.0,0.01,0.04,0.0,0.0,0.0,0.0
0.0,1.0,208.0,757.0,0.0,0.0,0.0,0.0,0.0,1.0,0.0,0.0,0.0,0.0,0.0,0.0,0.0,0.0,0.0,0.0,3.0,10.0,0.0,0.0,0.0,0.0,1.0,0.0,0.2,81.0,255.0,1.0,0.0,0.01,0.04,0.0,0.0,0.0,0.0
0.0,1.0,309.0,755.0,0.0,0.0,0.0,0.0,0.0,1.0,0.0,0.0,0.0,0.0,0.0,0.0,0.0,0.0,0.0,0.0,1.0,1.0,0.0,0.0,0.0,0.0,1.0,0.0,0.0,91.0,255.0,1.0,0.0,0.01,0.04,0.0,0.0,0.0,0.0
0.0,1.0,209.0,751.0,0.0,0.0,0.0,0.0,0.0,1.0,0.0,0.0,0.0,0.0,0.0,0.0,0.0,0.0,0.0,0.0,3.0,11.0,0.0,0.0,0.0,0.0,1.0,0.0,0.18,101.0,255.0,1.0,0.0,0.01,0.04,0.0,0.0,0.0,0.0
0.0,1.0,209.0,751.0,0.0,0.0,0.0,0.0,0.0,1.0,0.0,0.0,0.0,0.0,0.0,0.0,0.0,0.0,0.0,0.0,1.0,6.0,0.0,0.0,0.0,0.0,1.0,0.0,0.33,111.0,255.0,1.0,0.0,0.01,0.04,0.0,0.0,0.0,0.0
0.0,1.0,281.0,755.0,0.0,0.0,0.0,0.0,0.0,1.0,0.0,0.0,0.0,0.0,0.0,0.0,0.0,0.0,0.0,0.0,2.0,9.0,0.0,0.0,0.0,0.0,1.0,0.0,0.22,121.0,255.0,1.0,0.0,0.01,0.04,0.0,0.0,0.0,0.0
0.0,1.0,281.0,757.0,0.0,0.0,0.0,0.0,0.0,1.0,0.0,0.0,0.0,0.0,0.0,0.0,0.0,0.0,0.0,0.0,4.0,11.0,0.0,0.0,0.0,0.0,1.0,0.0,0.18,131.0,255.0,1.0,0.0,0.01,0.03,0.0,0.0,0.0,0.0
0.0,1.0,208.0,751.0,0.0,0.0,0.0,0.0,0.0,1.0,0.0,0.0,0.0,0.0,0.0,0.0,0.0,0.0,0.0,0.0,4.0,11.0,0.0,0.0,0.0,0.0,1.0,0.0,0.18,141.0,255.0,1.0,0.0,0.01,0.03,0.0,0.0,0.0,0.0
0.0,1.0,309.0,757.0,0.0,0.0,0.0,0.0,0.0,1.0,0.0,0.0,0.0,0.0,0.0,0.0,0.0,0.0,0.0,0.0,2.0,8.0,0.0,0.0,0.0,0.0,1.0,0.0,0.25,151.0,255.0,1.0,0.0,0.01,0.03,0.0,0.0,0.0,0.0
0.0,1.0,192.0,755.0,0.0,0.0,0.0,0.0,0.0,1.0,0.0,0.0,0.0,0.0,0.0,0.0,0.0,0.0,0.0,0.0,3.0,7.0,0.0,0.0,0.0,0.0,1.0,0.0,0.29,161.0,255.0,1.0,0.0,0.01,0.03,0.0,0.0,0.0,0.0
0.0,1.0,281.0,755.0,0.0,0.0,0.0,0.0,0.0,1.0,0.0,0.0,0.0,0.0,0.0,0.0,0.0,0.0,0.0,0.0,4.0,10.0,0.0,0.0,0.0,0.0,1.0,0.0,0.2,171.0,255.0,1.0,0.0,0.01,0.03,0.0,0.0,0.0,0.0
0.0,1.0,279.0,757.0,0.0,0.0,0.0,0.0,0.0,1.0,0.0,0.0,0.0,0.0,0.0,0.0,0.0,0.0,0.0,0.0,3.0,12.0,0.0,0.0,0.0,0.0,1.0,0.0,0.17,181.0,255.0,1.0,0.0,0.01,0.02,0.0,0.0,0.0,0.0
0.0,1.0,283.0,5286.0,0.0,0.0,0.0,0.0,0.0,1.0,0.0,0.0,0.0,0.0,0.0,0.0,0.0,0.0,0.0,0.0,7.0,7.0,0.0,0.0,0.0,0.0,1.0,0.0,0.0,7.0,255.0,1.0,0.0,0.14,0.02,0.0,0.0,0.0,0.0
0.0,1.0,289.0,8841.0,0.0,0.0,0.0,0.0,0.0,1.0,0.0,0.0,0.0,0.0,0.0,0.0,0.0,0.0,0.0,0.0,17.0,17.0,0.0,0.0,0.0,0.0,1.0,0.0,0.0,17.0,255.0,1.0,0.0,0.06,0.02,0.0,0.0,0.0,0.0
0.0,1.0,186.0,316.0,0.0,0.0,0.0,0.0,0.0,1.0,0.0,0.0,0.0,0.0,0.0,0.0,0.0,0.0,0.0,0.0,5.0,8.0,0.0,0.0,0.0,0.0,1.0,0.0,0.25,6.0,255.0,1.0,0.0,0.17,0.03,0.0,0.0,0.0,0.0
0.0,1.0,215.0,1263.0,0.0,0.0,0.0,0.0,0.0,1.0,0.0,0.0,0.0,0.0,0.0,0.0,0.0,0.0,0.0,0.0,3.0,3.0,0.0,0.0,0.0,0.0,1.0,0.0,0.0,16.0,255.0,1.0,0.0,0.06,0.03,0.0,0.0,0.0,0.0
0.0,1.0,226.0,944.0,0.0,0.0,0.0,0.0,0.0,1.0,0.0,0.0,0.0,0.0,0.0,0.0,0.0,0.0,0.0,0.0,2.0,2.0,0.0,0.0,0.0,0.0,1.0,0.0,0.0,26.0,255.0,1.0,0.0,0.04,0.03,0.0,0.0,0.0,0.0
0.0,1.0,219.0,308.0,0.0,0.0,0.0,0.0,0.0,1.0,0.0,0.0,0.0,0.0,0.0,0.0,0.0,0.0,0.0,0.0,2.0,2.0,0.0,0.0,0.0,0.0,1.0,0.0,0.0,36.0,255.0,1.0,0.0,0.03,0.03,0.0,0.0,0.0,0.0
0.0,1.0,213.0,2325.0,0.0,0.0,0.0,0.0,0.0,1.0,0.0,0.0,0.0,0.0,0.0,0.0,0.0,0.0,0.0,0.0,12.0,13.0,0.0,0.0,0.0,0.0,1.0,0.0,0.15,46.0,255.0,1.0,0.0,0.02,0.02,0.0,0.0,0.0,0.0
0.0,1.0,275.0,316.0,0.0,0.0,0.0,0.0,0.0,1.0,0.0,0.0,0.0,0.0,0.0,0.0,0.0,0.0,0.0,0.0,9.0,12.0,0.0,0.0,0.0,0.0,1.0,0.0,0.17,56.0,255.0,1.0,0.0,0.02,0.02,0.0,0.0,0.0,0.0
0.0,1.0,296.0,1319.0,0.0,0.0,0.0,0.0,0.0,1.0,0.0,0.0,0.0,0.0,0.0,0.0,0.0,0.0,0.0,0.0,8.0,8.0,0.0,0.0,0.0,0.0,1.0,0.0,0.0,66.0,255.0,1.0,0.0,0.02,0.02,0.0,0.0,0.0,0.0
0.0,1.0,205.0,308.0,0.0,0.0,0.0,0.0,0.0,1.0,0.0,0.0,0.0,0.0,0.0,0.0,0.0,0.0,0.0,0.0,7.0,39.0,0.0,0.0,0.0,0.0,1.0,0.0,0.18,76.0,255.0,1.0,0.0,0.01,0.02,0.0,0.0,0.0,0.0
0.0,1.0,228.0,316.0,0.0,0.0,0.0,0.0,0.0,1.0,0.0,0.0,0.0,0.0,0.0,0.0,0.0,0.0,0.0,0.0,6.0,6.0,0.0,0.0,0.0,0.0,1.0,0.0,0.0,86.0,255.0,1.0,0.0,0.01,0.02,0.0,0.0,0.0,0.0
0.0,1.0,241.0,944.0,0.0,0.0,0.0,0.0,0.0,1.0,0.0,0.0,0.0,0.0,0.0,0.0,0.0,0.0,0.0,0.0,3.0,24.0,0.0,0.0,0.0,0.0,1.0,0.0,0.21,96.0,255.0,1.0,0.0,0.01,0.02,0.0,0.0,0.0,0.0
0.0,1.0,214.0,1367.0,0.0,0.0,0.0,0.0,0.0,1.0,0.0,0.0,0.0,0.0,0.0,0.0,0.0,0.0,0.0,0.0,4.0,4.0,0.0,0.0,0.0,0.0,1.0,0.0,0.0,106.0,255.0,1.0,0.0,0.01,0.02,0.0,0.0,0.0,0.0
0.0,1.0,238.0,7339.0,0.0,0.0,0.0,0.0,0.0,1.0,0.0,0.0,0.0,0.0,0.0,0.0,0.0,0.0,0.0,0.0,4.0,4.0,0.0,0.0,0.0,0.0,1.0,0.0,0.0,116.0,255.0,1.0,0.0,0.01,0.02,0.0,0.0,0.0,0.0
0.0,1.0,251.0,1319.0,0.0,0.0,0.0,0.0,0.0,1.0,0.0,0.0,0.0,0.0,0.0,0.0,0.0,0.0,0.0,0.0,5.0,6.0,0.0,0.0,0.0,0.0,1.0,0.0,0.33,126.0,255.0,1.0,0.0,0.01,0.02,0.0,0.0,0.0,0.0
0.0,1.0,302.0,1263.0,0.0,0.0,0.0,0.0,0.0,1.0,0.0,0.0,0.0,0.0,0.0,0.0,0.0,0.0,0.0,0.0,4.0,5.0,0.0,0.0,0.0,0.0,1.0,0.0,0.4,136.0,255.0,1.0,0.0,0.01,0.02,0.0,0.0,0.0,0.0
0.0,1.0,191.0,2071.0,0.0,0.0,0.0,0.0,0.0,1.0,0.0,0.0,0.0,0.0,0.0,0.0,0.0,0.0,0.0,0.0,4.0,7.0,0.0,0.0,0.0,0.0,1.0,0.0,0.43,146.0,255.0,1.0,0.0,0.01,0.02,0.0,0.0,0.0,0.0
0.0,1.0,230.0,16617.0,0.0,0.0,0.0,0.0,0.0,1.0,0.0,0.0,0.0,0.0,0.0,0.0,0.0,0.0,0.0,0.0,1.0,2.0,0.0,0.0,0.0,0.0,1.0,0.0,1.0,156.0,255.0,1.0,0.0,0.01,0.02,0.0,0.0,0.0,0.0
0.0,1.0,280.0,934.0,0.0,0.0,0.0,0.0,0.0,1.0,0.0,0.0,0.0,0.0,0.0,0.0,0.0,0.0,0.0,0.0,11.0,15.0,0.0,0.0,0.0,0.0,1.0,0.0,0.13,166.0,255.0,1.0,0.0,0.01,0.02,0.0,0.0,0.0,0.0
0.0,1.0,192.0,7355.0,0.0,0.0,0.0,0.0,0.0,1.0,0.0,0.0,0.0,0.0,0.0,0.0,0.0,0.0,0.0,0.0,10.0,23.0,0.0,0.0,0.0,0.0,1.0,0.0,0.13,176.0,255.0,1.0,0.0,0.01,0.02,0.0,0.0,0.0,0.0
0.0,1.0,187.0,1046.0,0.0,0.0,0.0,0.0,0.0,1.0,0.0,0.0,0.0,0.0,0.0,0.0,0.0,0.0,0.0,0.0,9.0,34.0,0.0,0.0,0.0,0.0,1.0,0.0,0.12,186.0,255.0,1.0,0.0,0.01,0.02,0.0,0.0,0.0,0.0
0.0,1.0,214.0,1319.0,0.0,0.0,0.0,0.0,0.0,1.0,0.0,0.0,0.0,0.0,0.0,0.0,0.0,0.0,0.0,0.0,8.0,9.0,0.0,0.0,0.0,0.0,1.0,0.0,0.22,196.0,255.0,1.0,0.0,0.01,0.02,0.0,0.0,0.0,0.0
0.0,1.0,231.0,1046.0,0.0,0.0,0.0,0.0,0.0,1.0,0.0,0.0,0.0,0.0,0.0,0.0,0.0,0.0,0.0,0.0,6.0,11.0,0.0,0.0,0.0,0.0,1.0,0.0,0.36,206.0,255.0,1.0,0.0,0.0,0.02,0.0,0.0,0.0,0.0
0.0,1.0,279.0,7355.0,0.0,0.0,0.0,0.0,0.0,1.0,0.0,0.0,0.0,0.0,0.0,0.0,0.0,0.0,0.0,0.0,6.0,9.0,0.0,0.0,0.0,0.0,1.0,0.0,0.22,216.0,255.0,1.0,0.0,0.0,0.02,0.0,0.0,0.0,0.0
0.0,1.0,296.0,316.0,0.0,0.0,0.0,0.0,0.0,1.0,0.0,0.0,0.0,0.0,0.0,0.0,0.0,0.0,0.0,0.0,5.0,6.0,0.0,0.0,0.0,0.0,1.0,0.0,0.33,226.0,255.0,1.0,0.0,0.0,0.02,0.0,0.0,0.0,0.0
0.0,1.0,228.0,16617.0,0.0,0.0,0.0,0.0,0.0,1.0,0.0,0.0,0.0,0.0,0.0,0.0,0.0,0.0,0.0,0.0,3.0,3.0,0.0,0.0,0.0,0.0,1.0,0.0,0.0,236.0,255.0,1.0,0.0,0.0,0.01,0.0,0.0,0.0,0.0
0.0,1.0,305.0,944.0,0.0,0.0,0.0,0.0,0.0,1.0,0.0,0.0,0.0,0.0,0.0,0.0,0.0,0.0,0.0,0.0,2.0,5.0,0.0,0.0,0.0,0.0,1.0,0.0,0.4,246.0,255.0,1.0,0.0,0.0,0.01,0.0,0.0,0.0,0.0
0.0,1.0,305.0,934.0,0.0,0.0,0.0,0.0,0.0,1.0,0.0,0.0,0.0,0.0,0.0,0.0,0.0,0.0,0.0,0.0,12.0,12.0,0.0,0.0,0.0,0.0,1.0,0.0,0.0,255.0,255.0,1.0,0.0,0.0,0.0,0.0,0.0,0.0,0.0
0.0,1.0,303.0,316.0,0.0,0.0,0.0,0.0,0.0,1.0,0.0,0.0,0.0,0.0,0.0,0.0,0.0,0.0,0.0,0.0,10.0,14.0,0.0,0.0,0.0,0.0,1.0,0.0,0.14,255.0,255.0,1.0,0.0,0.0,0.0,0.0,0.0,0.0,0.0
0.0,1.0,307.0,891.0,0.0,0.0,0.0,0.0,0.0,1.0,0.0,0.0,0.0,0.0,0.0,0.0,0.0,0.0,0.0,0.0,8.0,11.0,0.0,0.0,0.0,0.0,1.0,0.0,0.18,255.0,255.0,1.0,0.0,0.0,0.0,0.0,0.0,0.0,0.0
0.0,1.0,277.0,891.0,0.0,0.0,0.0,0.0,0.0,1.0,0.0,0.0,0.0,0.0,0.0,0.0,0.0,0.0,0.0,0.0,6.0,13.0,0.0,0.0,0.0,0.0,1.0,0.0,0.31,255.0,255.0,1.0,0.0,0.0,0.0,0.0,0.0,0.0,0.0
0.0,1.0,308.0,944.0,0.0,0.0,0.0,0.0,0.0,1.0,0.0,0.0,0.0,0.0,0.0,0.0,0.0,0.0,0.0,0.0,5.0,17.0,0.0,0.0,0.0,0.0,1.0,0.0,0.18,255.0,255.0,1.0,0.0,0.01,0.0,0.0,0.0,0.0,0.0
0.0,1.0,203.0,1046.0,0.0,0.0,0.0,0.0,0.0,1.0,0.0,0.0,0.0,0.0,0.0,0.0,0.0,0.0,0.0,0.0,3.0,3.0,0.0,0.0,0.0,0.0,1.0,0.0,0.0,255.0,255.0,1.0,0.0,0.0,0.0,0.0,0.0,0.0,0.0
0.0,1.0,304.0,783.0,0.0,0.0,0.0,0.0,0.0,1.0,0.0,0.0,0.0,0.0,0.0,0.0,0.0,0.0,0.0,0.0,2.0,7.0,0.0,0.0,0.0,0.0,1.0,0.0,0.57,255.0,255.0,1.0,0.0,0.0,0.0,0.0,0.0,0.0,0.0
0.0,1.0,302.0,1263.0,0.0,0.0,0.0,0.0,0.0,1.0,0.0,0.0,0.0,0.0,0.0,0.0,0.0,0.0,0.0,0.0,2.0,4.0,0.0,0.0,0.0,0.0,1.0,0.0,0.75,255.0,255.0,1.0,0.0,0.0,0.0,0.0,0.0,0.0,0.0
0.0,1.0,307.0,891.0,0.0,0.0,0.0,0.0,0.0,1.0,0.0,0.0,0.0,0.0,0.0,0.0,0.0,0.0,0.0,0.0,12.0,14.0,0.0,0.0,0.0,0.0,1.0,0.0,0.21,255.0,255.0,1.0,0.0,0.0,0.0,0.0,0.0,0.0,0.0
0.0,1.0,207.0,891.0,0.0,0.0,0.0,0.0,0.0,1.0,0.0,0.0,0.0,0.0,0.0,0.0,0.0,0.0,0.0,0.0,9.0,13.0,0.0,0.0,0.0,0.0,1.0,0.0,0.15,255.0,255.0,1.0,0.0,0.0,0.0,0.0,0.0,0.0,0.0
0.0,1.0,231.0,903.0,0.0,0.0,0.0,0.0,0.0,1.0,0.0,0.0,0.0,0.0,0.0,0.0,0.0,0.0,0.0,0.0,8.0,8.0,0.0,0.0,0.0,0.0,1.0,0.0,0.0,255.0,255.0,1.0,0.0,0.0,0.0,0.0,0.0,0.0,0.0
0.0,1.0,304.0,1046.0,0.0,0.0,0.0,0.0,0.0,1.0,0.0,0.0,0.0,0.0,0.0,0.0,0.0,0.0,0.0,0.0,3.0,6.0,0.0,0.0,0.0,0.0,1.0,0.0,0.33,255.0,255.0,1.0,0.0,0.0,0.0,0.0,0.0,0.0,0.0
0.0,1.0,280.0,2071.0,0.0,0.0,0.0,0.0,0.0,1.0,0.0,0.0,0.0,0.0,0.0,0.0,0.0,0.0,0.0,0.0,6.0,7.0,0.0,0.0,0.0,0.0,1.0,0.0,0.29,255.0,255.0,1.0,0.0,0.0,0.0,0.0,0.0,0.0,0.0
0.0,1.0,208.0,934.0,0.0,0.0,0.0,0.0,0.0,1.0,0.0,0.0,0.0,0.0,0.0,0.0,0.0,0.0,0.0,0.0,9.0,13.0,0.0,0.0,0.0,0.0,1.0,0.0,0.15,255.0,255.0,1.0,0.0,0.0,0.0,0.0,0.0,0.0,0.0
0.0,1.0,217.0,1255.0,0.0,0.0,0.0,0.0,0.0,1.0,0.0,0.0,0.0,0.0,0.0,0.0,0.0,0.0,0.0,0.0,9.0,10.0,0.0,0.0,0.0,0.0,1.0,0.0,0.2,255.0,255.0,1.0,0.0,0.0,0.0,0.0,0.0,0.0,0.0
0.0,1.0,220.0,850.0,0.0,0.0,0.0,0.0,0.0,1.0,0.0,0.0,0.0,0.0,0.0,0.0,0.0,0.0,0.0,0.0,19.0,20.0,0.0,0.0,0.0,0.0,1.0,0.0,0.1,255.0,255.0,1.0,0.0,0.0,0.0,0.0,0.0,0.0,0.0
0.0,1.0,202.0,1263.0,0.0,0.0,0.0,0.0,0.0,1.0,0.0,0.0,0.0,0.0,0.0,0.0,0.0,0.0,0.0,0.0,3.0,5.0,0.0,0.0,0.0,0.0,1.0,0.0,0.4,255.0,255.0,1.0,0.0,0.0,0.0,0.0,0.0,0.0,0.0
0.0,1.0,226.0,944.0,0.0,0.0,0.0,0.0,0.0,1.0,0.0,0.0,0.0,0.0,0.0,0.0,0.0,0.0,0.0,0.0,2.0,3.0,0.0,0.0,0.0,0.0,1.0,0.0,0.67,255.0,255.0,1.0,0.0,0.0,0.0,0.0,0.0,0.0,0.0
0.0,1.0,204.0,1046.0,0.0,0.0,0.0,0.0,0.0,1.0,0.0,0.0,0.0,0.0,0.0,0.0,0.0,0.0,0.0,0.0,3.0,6.0,0.0,0.0,0.0,0.0,1.0,0.0,0.33,255.0,255.0,1.0,0.0,0.0,0.0,0.0,0.0,0.0,0.0
0.0,1.0,234.0,944.0,0.0,0.0,0.0,0.0,0.0,1.0,0.0,0.0,0.0,0.0,0.0,0.0,0.0,0.0,0.0,0.0,1.0,1.0,0.0,0.0,0.0,0.0,1.0,0.0,0.0,255.0,255.0,1.0,0.0,0.0,0.0,0.0,0.0,0.0,0.0
0.0,1.0,227.0,1319.0,0.0,0.0,0.0,0.0,0.0,1.0,0.0,0.0,0.0,0.0,0.0,0.0,0.0,0.0,0.0,0.0,10.0,11.0,0.0,0.0,0.0,0.0,1.0,0.0,0.18,255.0,255.0,1.0,0.0,0.0,0.0,0.0,0.0,0.0,0.0
0.0,1.0,333.0,891.0,0.0,0.0,0.0,0.0,0.0,1.0,0.0,0.0,0.0,0.0,0.0,0.0,0.0,0.0,0.0,0.0,11.0,12.0,0.0,0.0,0.0,0.0,1.0,0.0,0.17,255.0,255.0,1.0,0.0,0.0,0.0,0.0,0.0,0.0,0.0
0.0,1.0,340.0,2325.0,0.0,0.0,0.0,0.0,0.0,1.0,0.0,0.0,0.0,0.0,0.0,0.0,0.0,0.0,0.0,0.0,9.0,11.0,0.0,0.0,0.0,0.0,1.0,0.0,0.18,255.0,255.0,1.0,0.0,0.0,0.0,0.0,0.0,0.0,0.0
0.0,1.0,203.0,316.0,0.0,0.0,0.0,0.0,0.0,1.0,0.0,0.0,0.0,0.0,0.0,0.0,0.0,0.0,0.0,0.0,10.0,14.0,0.0,0.0,0.0,0.0,1.0,0.0,0.14,255.0,255.0,1.0,0.0,0.0,0.0,0.0,0.0,0.0,0.0
0.0,1.0,207.0,308.0,0.0,0.0,0.0,0.0,0.0,1.0,0.0,0.0,0.0,0.0,0.0,0.0,0.0,0.0,0.0,0.0,8.0,12.0,0.0,0.0,0.0,0.0,1.0,0.0,0.17,255.0,255.0,1.0,0.0,0.0,0.0,0.0,0.0,0.0,0.0
0.0,1.0,227.0,2325.0,0.0,0.0,0.0,0.0,0.0,1.0,0.0,0.0,0.0,0.0,0.0,0.0,0.0,0.0,0.0,0.0,7.0,8.0,0.0,0.0,0.0,0.0,1.0,0.0,0.25,255.0,255.0,1.0,0.0,0.0,0.0,0.0,0.0,0.0,0.0
0.0,1.0,303.0,316.0,0.0,0.0,0.0,0.0,0.0,1.0,0.0,0.0,0.0,0.0,0.0,0.0,0.0,0.0,0.0,0.0,4.0,7.0,0.0,0.0,0.0,0.0,1.0,0.0,0.29,255.0,255.0,1.0,0.0,0.0,0.0,0.0,0.0,0.0,0.0
0.0,1.0,206.0,891.0,0.0,0.0,0.0,0.0,0.0,1.0,0.0,0.0,0.0,0.0,0.0,0.0,0.0,0.0,0.0,0.0,4.0,7.0,0.0,0.0,0.0,0.0,1.0,0.0,0.29,255.0,255.0,1.0,0.0,0.0,0.0,0.0,0.0,0.0,0.0
0.0,1.0,315.0,1263.0,0.0,0.0,0.0,0.0,0.0,1.0,0.0,0.0,0.0,0.0,0.0,0.0,0.0,0.0,0.0,0.0,2.0,3.0,0.0,0.0,0.0,0.0,1.0,0.0,0.67,255.0,255.0,1.0,0.0,0.01,0.0,0.0,0.0,0.0,0.0
0.0,1.0,342.0,944.0,0.0,0.0,0.0,0.0,0.0,1.0,0.0,0.0,0.0,0.0,0.0,0.0,0.0,0.0,0.0,0.0,2.0,2.0,0.0,0.0,0.0,0.0,1.0,0.0,0.0,255.0,255.0,1.0,0.0,0.0,0.0,0.0,0.0,0.0,0.0
0.0,1.0,356.0,7339.0,0.0,0.0,0.0,0.0,0.0,1.0,0.0,0.0,0.0,0.0,0.0,0.0,0.0,0.0,0.0,0.0,3.0,5.0,0.0,0.0,0.0,0.0,1.0,0.0,0.6,255.0,255.0,1.0,0.0,0.0,0.0,0.0,0.0,0.0,0.0
0.0,1.0,279.0,891.0,0.0,0.0,0.0,0.0,0.0,1.0,0.0,0.0,0.0,0.0,0.0,0.0,0.0,0.0,0.0,0.0,10.0,14.0,0.0,0.0,0.0,0.0,1.0,0.0,0.14,255.0,255.0,1.0,0.0,0.0,0.0,0.0,0.0,0.0,0.0
0.0,1.0,208.0,7355.0,0.0,0.0,0.0,0.0,0.0,1.0,0.0,0.0,0.0,0.0,0.0,0.0,0.0,0.0,0.0,0.0,9.0,13.0,0.0,0.0,0.0,0.0,1.0,0.0,0.15,255.0,255.0,1.0,0.0,0.0,0.0,0.0,0.0,0.0,0.0
0.0,1.0,230.0,903.0,0.0,0.0,0.0,0.0,0.0,1.0,0.0,0.0,0.0,0.0,0.0,0.0,0.0,0.0,0.0,0.0,9.0,10.0,0.0,0.0,0.0,0.0,1.0,0.0,0.2,255.0,255.0,1.0,0.0,0.0,0.0,0.0,0.0,0.0,0.0
0.0,1.0,308.0,944.0,0.0,0.0,0.0,0.0,0.0,1.0,0.0,0.0,0.0,0.0,0.0,0.0,0.0,0.0,0.0,0.0,5.0,7.0,0.0,0.0,0.0,0.0,1.0,0.0,0.29,255.0,255.0,1.0,0.0,0.0,0.0,0.0,0.0,0.0,0.0
0.0,1.0,338.0,944.0,0.0,0.0,0.0,0.0,0.0,1.0,0.0,0.0,0.0,0.0,0.0,0.0,0.0,0.0,0.0,0.0,4.0,5.0,0.0,0.0,0.0,0.0,1.0,0.0,0.4,255.0,255.0,1.0,0.0,0.0,0.0,0.0,0.0,0.0,0.0
0.0,1.0,343.0,783.0,0.0,0.0,0.0,0.0,0.0,1.0,0.0,0.0,0.0,0.0,0.0,0.0,0.0,0.0,0.0,0.0,2.0,6.0,0.0,0.0,0.0,0.0,1.0,0.0,0.5,255.0,255.0,1.0,0.0,0.0,0.0,0.0,0.0,0.0,0.0
0.0,1.0,297.0,553.0,0.0,0.0,0.0,0.0,0.0,1.0,0.0,0.0,0.0,0.0,0.0,0.0,0.0,0.0,0.0,0.0,1.0,1.0,0.0,0.0,0.0,0.0,1.0,0.0,0.0,255.0,255.0,1.0,0.0,0.0,0.0,0.0,0.0,0.0,0.0
0.0,1.0,308.0,2071.0,0.0,0.0,0.0,0.0,0.0,1.0,0.0,0.0,0.0,0.0,0.0,0.0,0.0,0.0,0.0,0.0,2.0,3.0,0.0,0.0,0.0,0.0,1.0,0.0,0.67,255.0,255.0,1.0,0.0,0.0,0.0,0.0,0.0,0.0,0.0
0.0,1.0,308.0,934.0,0.0,0.0,0.0,0.0,0.0,1.0,0.0,0.0,0.0,0.0,0.0,0.0,0.0,0.0,0.0,0.0,11.0,15.0,0.0,0.0,0.0,0.0,1.0,0.0,0.13,255.0,255.0,1.0,0.0,0.0,0.0,0.0,0.0,0.0,0.0
0.0,1.0,296.0,934.0,0.0,0.0,0.0,0.0,0.0,1.0,0.0,0.0,0.0,0.0,0.0,0.0,0.0,0.0,0.0,0.0,5.0,5.0,0.0,0.0,0.0,0.0,1.0,0.0,0.0,255.0,255.0,1.0,0.0,0.0,0.0,0.0,0.0,0.0,0.0
0.0,1.0,228.0,16617.0,0.0,0.0,0.0,0.0,0.0,1.0,0.0,0.0,0.0,0.0,0.0,0.0,0.0,0.0,0.0,0.0,5.0,8.0,0.0,0.0,0.0,0.0,1.0,0.0,0.25,255.0,255.0,1.0,0.0,0.0,0.0,0.0,0.0,0.0,0.0
0.0,1.0,301.0,934.0,0.0,0.0,0.0,0.0,0.0,1.0,0.0,0.0,0.0,0.0,0.0,0.0,0.0,0.0,0.0,0.0,4.0,4.0,0.0,0.0,0.0,0.0,1.0,0.0,0.0,255.0,255.0,1.0,0.0,0.0,0.0,0.0,0.0,0.0,0.0
0.0,1.0,293.0,472.0,0.0,0.0,0.0,0.0,0.0,1.0,0.0,0.0,0.0,0.0,0.0,0.0,0.0,0.0,0.0,0.0,1.0,1.0,0.0,0.0,0.0,0.0,1.0,0.0,0.0,255.0,255.0,1.0,0.0,0.0,0.0,0.0,0.0,0.0,0.0
0.0,1.0,186.0,784.0,0.0,0.0,0.0,0.0,0.0,1.0,0.0,0.0,0.0,0.0,0.0,0.0,0.0,0.0,0.0,0.0,6.0,9.0,0.0,0.0,0.0,0.0,1.0,0.0,0.22,255.0,255.0,1.0,0.0,0.0,0.0,0.0,0.0,0.0,0.0
0.0,1.0,216.0,316.0,0.0,0.0,0.0,0.0,0.0,1.0,0.0,0.0,0.0,0.0,0.0,0.0,0.0,0.0,0.0,0.0,5.0,5.0,0.0,0.0,0.0,0.0,1.0,0.0,0.0,255.0,255.0,1.0,0.0,0.0,0.0,0.0,0.0,0.0,0.0
0.0,1.0,221.0,316.0,0.0,0.0,0.0,0.0,0.0,1.0,0.0,0.0,0.0,0.0,0.0,0.0,0.0,0.0,0.0,0.0,3.0,8.0,0.0,0.0,0.0,0.0,1.0,0.0,0.62,255.0,255.0,1.0,0.0,0.0,0.0,0.0,0.0,0.0,0.0
0.0,1.0,216.0,316.0,0.0,0.0,0.0,0.0,0.0,1.0,0.0,0.0,0.0,0.0,0.0,0.0,0.0,0.0,0.0,0.0,3.0,3.0,0.0,0.0,0.0,0.0,1.0,0.0,0.0,255.0,255.0,1.0,0.0,0.0,0.0,0.0,0.0,0.0,0.0
0.0,1.0,216.0,784.0,0.0,0.0,0.0,0.0,0.0,1.0,0.0,0.0,0.0,0.0,0.0,0.0,0.0,0.0,0.0,0.0,11.0,11.0,0.0,0.0,0.0,0.0,1.0,0.0,0.0,255.0,255.0,1.0,0.0,0.0,0.0,0.0,0.0,0.0,0.0
0.0,1.0,280.0,2071.0,0.0,0.0,0.0,0.0,0.0,1.0,0.0,0.0,0.0,0.0,0.0,0.0,0.0,0.0,0.0,0.0,10.0,13.0,0.0,0.0,0.0,0.0,1.0,0.0,0.15,255.0,255.0,1.0,0.0,0.0,0.0,0.0,0.0,0.0,0.0
0.0,1.0,290.0,1046.0,0.0,0.0,0.0,0.0,0.0,1.0,0.0,0.0,0.0,0.0,0.0,0.0,0.0,0.0,0.0,0.0,4.0,4.0,0.0,0.0,0.0,0.0,1.0,0.0,0.0,255.0,255.0,1.0,0.0,0.0,0.0,0.0,0.0,0.0,0.0
0.0,1.0,279.0,891.0,0.0,0.0,0.0,0.0,0.0,1.0,0.0,0.0,0.0,0.0,0.0,0.0,0.0,0.0,0.0,0.0,6.0,8.0,0.0,0.0,0.0,0.0,1.0,0.0,0.25,255.0,255.0,1.0,0.0,0.0,0.0,0.0,0.0,0.0,0.0
0.0,1.0,294.0,934.0,0.0,0.0,0.0,0.0,0.0,1.0,0.0,0.0,0.0,0.0,0.0,0.0,0.0,0.0,0.0,0.0,3.0,5.0,0.0,0.0,0.0,0.0,1.0,0.0,0.6,255.0,255.0,1.0,0.0,0.0,0.0,0.0,0.0,0.0,0.0
0.0,1.0,277.0,891.0,0.0,0.0,0.0,0.0,0.0,1.0,0.0,0.0,0.0,0.0,0.0,0.0,0.0,0.0,0.0,0.0,5.0,5.0,0.0,0.0,0.0,0.0,1.0,0.0,0.0,255.0,255.0,1.0,0.0,0.01,0.0,0.0,0.0,0.0,0.0
0.0,1.0,295.0,2325.0,0.0,0.0,0.0,0.0,0.0,1.0,0.0,0.0,0.0,0.0,0.0,0.0,0.0,0.0,0.0,0.0,3.0,6.0,0.0,0.0,0.0,0.0,1.0,0.0,0.67,255.0,255.0,1.0,0.0,0.0,0.0,0.0,0.0,0.0,0.0
0.0,1.0,303.0,1263.0,0.0,0.0,0.0,0.0,0.0,1.0,0.0,0.0,0.0,0.0,0.0,0.0,0.0,0.0,0.0,0.0,6.0,7.0,0.0,0.0,0.0,0.0,1.0,0.0,0.29,255.0,255.0,1.0,0.0,0.0,0.0,0.0,0.0,0.0,0.0
0.0,1.0,274.0,1046.0,0.0,0.0,0.0,0.0,0.0,1.0,0.0,0.0,0.0,0.0,0.0,0.0,0.0,0.0,0.0,0.0,10.0,14.0,0.0,0.0,0.0,0.0,1.0,0.0,0.14,255.0,255.0,1.0,0.0,0.0,0.0,0.0,0.0,0.0,0.0
